Field,ID,Type (类型),default,en-us,zh-hans-cn,sq-al,ar-sa,am-et,as-in,az-latn-az,kn-in,ga-ie,et-ee,or-in,ca-es-valencia,eu-es,bg-bg,is-is,pl-pl,ko-kr,tt-ru,da-dk,de-de,ru-ru,fr-fr,fr-ca,fil-ph,fi-fi,km-kh,ka-ge,gu-in,kk-kz,nl-nl,gl-es,ca-es,cs-cz,hr-hr,quz-pe,kok-in,lv-lv,lo-la,lt-lt,lb-lu,ro-ro,mt-mt,mr-in,ml-in,ms-my,mk,mi-nz,bn-in,af-za,ne-np,nb-no,pa-in,pt-br,pt-pt,ja-jp,sv-se,sr-latn-rs,sr-cyrl-ba,sk-sk,sl-si,gd-gb,te-in,ta-in,th-th,tr-tr,cy-gb,ug-cn,ur-pk,uk-ua,es-mx,es-es,he-il,el-gr,hu-hu,it-it,hi-in,id-id,en-gb,vi-vn,zh-hant-tw
Description,2,文本,,"Requires a reachable SSH server you are authorized to use and a password or
pasted private key. No JoeSSH account is required.

JoeSSH Public Beta is a focused Windows workbench for connecting to servers
without turning your connection workflow into a hosted service. Use one
workspace to organize SSH connections, verify host keys, work in interactive
terminal sessions, transfer files with SFTP, and manage local port forwards.
Saved connection profiles and workspace preferences stay on this device by
default.

Built for careful operations:

- Review a server host key before trusting it.
- Organize multiple terminal sessions with workspace tabs.
- Browse, upload, and download files through SFTP.
- Start and stop explicit loopback-only local port forwards.
- Use light or dark appearance.
- Read the exact JoeSSH and third-party notices bundled with the installed
  build.

This Public Beta limits each SFTP upload or download to 25 MiB. It is intended
for evaluation and careful day-to-day use while release evidence and external
compatibility coverage continue to grow.

JoeSSH Community is free and available from its public source repository under
the MIT License. Telemetry and error reporting are disabled by default. JoeSSH
does not require an account and does not currently provide a hosted service.

You need permission to access every server you connect to. Never use JoeSSH to
access systems, accounts, or networks without authorization.","需要一台你已获授权访问且网络可达的 SSH 服务器，以及密码或粘贴输入的私钥。不需要
JoeSSH 账号。

JoeSSH Public Beta 是一款专注的 Windows 服务器连接工作台，不要求把连接工作流托管到
云端服务。你可以在同一个工作区中整理 SSH 连接、核验主机密钥、使用交互式终端、
通过 SFTP 传输文件，并管理本地端口转发。保存的连接配置和工作区偏好默认保留在本机。

面向谨慎的日常运维：

- 在信任服务器前核对主机密钥。
- 使用工作区标签整理多个终端会话。
- 通过 SFTP 浏览、上传和下载文件。
- 明确启动和停止仅绑定本机回环地址的端口转发。
- 使用亮色或暗色主题。
- 在设置中阅读当前安装版本随附的 JoeSSH 与第三方许可证声明。

当前 Public Beta 对每次 SFTP 上传或下载设置 25 MiB 上限。它适合评估和谨慎的日常
使用，发布证据与外部兼容性覆盖仍在持续完善。

JoeSSH Community 免费提供；源码仓库已公开，并按 MIT 许可证提供。遥测和错误
上报默认关闭。JoeSSH 不要求账号，当前也不提供托管服务。

你必须获得所连接服务器的合法授权。请勿使用 JoeSSH 访问任何未经授权的系统、账号
或网络。","JoeSSH është një Public Beta falas dhe me burim të hapur për punë lokale SSH në Windows x64. Lidhuni me një server të autorizuar, kontrolloni çelësat e hostit, përdorni terminalin interaktiv, transferoni skedarë me SFTP dhe menaxhoni përcjelljet lokale të porteve. Profilet dhe preferencat ruhen si parazgjedhje në këtë pajisje. Nuk kërkohet llogari JoeSSH ose shërbim i hostuar.",JoeSSH إصدار تجريبي عام مجاني ومفتوح المصدر للعمل المحلي عبر SSH على Windows x64. اتصل بخادم مصرح لك باستخدامه، وراجع مفاتيح المضيف، واستخدم الطرفية التفاعلية، وانقل الملفات عبر SFTP، وأدر تحويلات المنافذ المحلية. تُحفظ ملفات الاتصال والتفضيلات على هذا الجهاز افتراضياً. لا تحتاج إلى حساب JoeSSH أو خدمة مستضافة.,JoeSSH በWindows x64 ላይ ለአካባቢያዊ SSH ስራ ነጻ እና ክፍት ምንጭ Public Beta ነው። ፈቃድ ያለዎትን አገልጋይ ያገናኙ፣ የአስተናጋጅ ቁልፍን ይመልከቱ፣ በመስተጋብራዊ ተርሚናል ይስሩ፣ ፋይሎችን በSFTP ያስተላልፉ እና የአካባቢ ፖርት ማስተላለፊያን ያስተዳድሩ። መገለጫዎች እና ምርጫዎች በነባሪ በዚህ መሣሪያ ላይ ይቀመጣሉ። የJoeSSH መለያ ወይም የተስተናገደ አገልግሎት አያስፈልግም።,"JoeSSH Windows x64-ত স্থানীয় SSH কামৰ বাবে বিনামূলীয়া মুক্ত-উৎস Public Beta। আপোনাৰ অনুমতি থকা ছাৰ্ভাৰত সংযোগ কৰক, হ’ষ্ট কী পৰীক্ষা কৰক, ইণ্টাৰেক্টিভ টাৰ্মিনেল ব্যৱহাৰ কৰক, SFTP-ৰে ফাইল স্থানান্তৰ কৰক আৰু স্থানীয় প’ৰ্ট ফৰৱাৰ্ডিং পৰিচালনা কৰক। প্ৰ’ফাইল আৰু পছন্দসমূহ ডিফ’ল্টভাৱে এই ডিভাইচতে থাকে। JoeSSH একাউণ্ট বা হ’ষ্টেড সেৱা নালাগে।","JoeSSH Windows x64-də yerli SSH işi üçün pulsuz və açıq mənbəli Public Beta-dır. İcazəniz olan serverə qoşulun, host açarlarını yoxlayın, interaktiv terminaldan istifadə edin, faylları SFTP ilə köçürün və yerli port yönləndirməsini idarə edin. Profillər və seçimlər standart olaraq bu cihazda saxlanılır. JoeSSH hesabı və ya hostinq xidməti tələb olunmur.","JoeSSH Windows x64 ನಲ್ಲಿ ಸ್ಥಳೀಯ SSH ಕೆಲಸಕ್ಕಾಗಿ ಉಚಿತ ಮತ್ತು ಮುಕ್ತ ಮೂಲದ Public Beta ಆಗಿದೆ. ನಿಮಗೆ ಅನುಮತಿ ಇರುವ ಸರ್ವರ್‌ಗೆ ಸಂಪರ್ಕಿಸಿ, ಹೋಸ್ಟ್ ಕೀಗಳನ್ನು ಪರಿಶೀಲಿಸಿ, ಸಂವಾದಾತ್ಮಕ ಟರ್ಮಿನಲ್ ಬಳಸಿ, SFTP ಮೂಲಕ ಫೈಲ್‌ಗಳನ್ನು ವರ್ಗಾಯಿಸಿ ಮತ್ತು ಸ್ಥಳೀಯ ಪೋರ್ಟ್ ಫಾರ್ವರ್ಡಿಂಗ್ ನಿರ್ವಹಿಸಿ. ಪ್ರೊಫೈಲ್‌ಗಳು ಮತ್ತು ಆದ್ಯತೆಗಳು ಡೀಫಾಲ್ಟ್ ಆಗಿ ಈ ಸಾಧನದಲ್ಲೇ ಉಳಿಯುತ್ತವೆ. JoeSSH ಖಾತೆ ಅಥವಾ ಹೋಸ್ಟ್ ಮಾಡಿದ ಸೇವೆ ಅಗತ್ಯವಿಲ್ಲ.","Is Public Beta saor in aisce agus foinse oscailte é JoeSSH d’obair SSH logánta ar Windows x64. Ceangail le freastalaí a bhfuil cead agat é a úsáid, déan athbhreithniú ar eochracha an óstaigh, bain úsáid as teirminéal idirghníomhach, aistrigh comhaid le SFTP agus bainistigh cur ar aghaidh calafoirt logánta. Fanann próifílí agus roghanna ar an ngléas seo de réir réamhshocraithe. Ní theastaíonn cuntas JoeSSH ná seirbhís óstáilte.","JoeSSH on tasuta avatud lähtekoodiga Public Beta kohalikuks SSH-tööks Windows x64-s. Ühenda serveriga, mille kasutamiseks sul on luba, vaata hostivõtmed üle, kasuta interaktiivset terminali, edasta faile SFTP-ga ja halda kohalikke pordisuunamisi. Profiilid ja eelistused salvestatakse vaikimisi sellesse seadmesse. JoeSSH kontot ega majutatud teenust pole vaja.","JoeSSH Windows x64 ରେ ସ୍ଥାନୀୟ SSH କାମ ପାଇଁ ମାଗଣା ମୁକ୍ତ-ସ୍ରୋତ Public Beta। ଆପଣଙ୍କର ଅନୁମତି ଥିବା ସର୍ଭରକୁ ସଂଯୋଗ କରନ୍ତୁ, ହୋଷ୍ଟ କୀ ସମୀକ୍ଷା କରନ୍ତୁ, ଇଣ୍ଟରାକ୍ଟିଭ୍ ଟର୍ମିନାଲ୍ ବ୍ୟବହାର କରନ୍ତୁ, SFTP ରେ ଫାଇଲ୍ ସ୍ଥାନାନ୍ତର କରନ୍ତୁ ଏବଂ ସ୍ଥାନୀୟ ପୋର୍ଟ ଫରୱାର୍ଡିଂ ପରିଚାଳନା କରନ୍ତୁ। ପ୍ରୋଫାଇଲ୍ ଓ ପସନ୍ଦଗୁଡ଼ିକ ଡିଫଲ୍ଟ ଭାବରେ ଏହି ଡିଭାଇସରେ ରହେ। JoeSSH ଖାତା କିମ୍ବା ହୋଷ୍ଟେଡ୍ ସେବା ଦରକାର ନାହିଁ।","JoeSSH és una Public Beta gratuïta i de codi obert per al treball SSH local en Windows x64. Connecta't a un servidor que tingues autoritzat, revisa les claus de l'amfitrió, utilitza un terminal interactiu, transfereix fitxers amb SFTP i gestiona els reenviaments de ports locals. Els perfils i les preferències es guarden per defecte en este dispositiu. No cal cap compte de JoeSSH ni cap servei allotjat.","JoeSSH Windows x64-n SSH lokaleko lanerako doako eta kode irekiko Public Beta da. Konektatu baimena duzun zerbitzari batera, berrikusi ostalariaren gakoak, erabili terminal interaktiboa, transferitu fitxategiak SFTP bidez eta kudeatu ataka-birbidalketa lokalak. Profilak eta hobespenak gailu honetan gordetzen dira lehenespenez. Ez da JoeSSH konturik edo ostatatutako zerbitzurik behar.","JoeSSH е безплатна Public Beta с отворен код за локална SSH работа в Windows x64. Свържете се със сървър, до който имате разрешен достъп, прегледайте хост ключовете, използвайте интерактивен терминал, прехвърляйте файлове със SFTP и управлявайте локални пренасочвания на портове. Профилите и настройките се пазят по подразбиране на това устройство. Не е нужен акаунт в JoeSSH или хоствана услуга.","JoeSSH er ókeypis Public Beta með opnum kóða fyrir SSH-vinnu á staðnum í Windows x64. Tengstu netþjóni sem þú hefur heimild til að nota, skoðaðu hýsillykla, notaðu gagnvirka flugstöð, flyttu skrár með SFTP og stjórnaðu staðbundinni gáttafransendingu. Snið og kjörstillingar vistast sjálfgefið á þessu tæki. JoeSSH-reikningur eða hýst þjónusta er ekki nauðsynleg.","JoeSSH to bezpłatna, otwartoźródłowa Public Beta do lokalnej pracy z SSH w Windows x64. Połącz się z serwerem, do którego masz uprawnienia, sprawdź klucze hosta, użyj interaktywnego terminala, przesyłaj pliki przez SFTP i zarządzaj lokalnym przekierowaniem portów. Profile i preferencje są domyślnie przechowywane na tym urządzeniu. Konto JoeSSH ani hostowana usługa nie są wymagane.","JoeSSH는 Windows x64에서 로컬 SSH 작업을 위한 무료 오픈 소스 Public Beta입니다. 사용 권한이 있는 서버에 연결하고, 호스트 키를 검토하고, 대화형 터미널을 사용하고, SFTP로 파일을 전송하고, 로컬 포트 전달을 관리할 수 있습니다. 연결 프로필과 기본 설정은 기본적으로 이 장치에 저장됩니다. JoeSSH 계정이나 호스팅 서비스는 필요하지 않습니다.","JoeSSH — Windows x64 системасында җирле SSH эше өчен бушлай һәм ачык чыганаклы Public Beta. Кулланырга рөхсәтегез булган серверга тоташыгыз, хост ачкычларын тикшерегез, интерактив терминал кулланыгыз, SFTP аша файллар күчерегез һәм җирле портларны юнәлтүне идарә итегез. Профильләр һәм көйләүләр килешү буенча бу җайланмада саклана. JoeSSH хисап язмасы яки урнаштырылган хезмәт кирәк түгел.","JoeSSH er en gratis open source Public Beta til lokalt SSH-arbejde på Windows x64. Opret forbindelse til en server, du har tilladelse til at bruge, gennemgå værtsnøgler, brug en interaktiv terminal, overfør filer med SFTP, og administrer lokale portviderestillinger. Profiler og indstillinger gemmes som standard på denne enhed. Der kræves ingen JoeSSH-konto eller hostet tjeneste.","JoeSSH ist eine kostenlose Open-Source-Public-Beta für lokale SSH-Arbeit unter Windows x64. Verbinden Sie sich mit einem Server, den Sie verwenden dürfen, prüfen Sie Hostschlüssel, nutzen Sie ein interaktives Terminal, übertragen Sie Dateien mit SFTP und verwalten Sie lokale Portweiterleitungen. Profile und Einstellungen bleiben standardmäßig auf diesem Gerät. Ein JoeSSH-Konto oder ein gehosteter Dienst ist nicht erforderlich.","JoeSSH — бесплатная Public Beta с открытым исходным кодом для локальной работы по SSH в Windows x64. Подключайтесь к серверу, которым вам разрешено пользоваться, проверяйте ключи узла, работайте в интерактивном терминале, передавайте файлы через SFTP и управляйте локальным перенаправлением портов. Профили и настройки по умолчанию остаются на этом устройстве. Учетная запись JoeSSH и размещенная служба не требуются.","JoeSSH est une Public Beta gratuite et open source pour le travail SSH local sous Windows x64. Connectez-vous à un serveur auquel vous êtes autorisé à accéder, vérifiez les clés d'hôte, utilisez un terminal interactif, transférez des fichiers avec SFTP et gérez les redirections de ports locales. Les profils et préférences restent par défaut sur cet appareil. Aucun compte JoeSSH ni service hébergé n'est requis.","JoeSSH est une Public Beta gratuite et open source pour le travail SSH local sous Windows x64. Connectez-vous à un serveur auquel vous êtes autorisé à accéder, vérifiez les clés d’hôte, utilisez un terminal interactif, transférez des fichiers avec SFTP et gérez les redirections de ports locales. Les profils et préférences restent par défaut sur cet appareil. Aucun compte JoeSSH ni service hébergé n’est requis.","Ang JoeSSH ay isang libre at open source na Public Beta para sa lokal na SSH sa Windows x64. Kumonekta sa server na may pahintulot kang gamitin, suriin ang mga host key, gumamit ng interactive terminal, maglipat ng file gamit ang SFTP, at pamahalaan ang lokal na port forwarding. Nananatili sa device na ito ang mga profile at preference bilang default. Hindi kailangan ng JoeSSH account o naka-host na serbisyo.","JoeSSH on ilmainen avoimen lähdekoodin Public Beta paikalliseen SSH-työskentelyyn Windows x64:ssä. Yhdistä palvelimeen, jonka käyttöön sinulla on lupa, tarkista isäntäavaimet, käytä vuorovaikutteista päätettä, siirrä tiedostoja SFTP:llä ja hallitse paikallisia porttien välityksiä. Profiilit ja asetukset tallennetaan oletuksena tähän laitteeseen. JoeSSH-tiliä tai isännöityä palvelua ei tarvita.",JoeSSH គឺជា Public Beta ឥតគិតថ្លៃ និងប្រភពបើកចំហ សម្រាប់ការងារ SSH ក្នុងម៉ាស៊ីនលើ Windows x64។ ភ្ជាប់ទៅម៉ាស៊ីនមេដែលអ្នកមានសិទ្ធិប្រើ ពិនិត្យសោម៉ាស៊ីន ប្រើស្ថានីយអន្តរកម្ម ផ្ទេរឯកសារតាម SFTP និងគ្រប់គ្រងការបញ្ជូនច្រកក្នុងម៉ាស៊ីន។ ប្រវត្តិរូប និងចំណូលចិត្តត្រូវបានរក្សាទុកលើឧបករណ៍នេះតាមលំនាំដើម។ មិនត្រូវការគណនី JoeSSH ឬសេវាបង្ហោះទេ។,"JoeSSH არის უფასო ღია კოდის Public Beta Windows x64-ზე ლოკალური SSH მუშაობისთვის. დაუკავშირდით სერვერს, რომლის გამოყენების უფლებაც გაქვთ, შეამოწმეთ ჰოსტის გასაღებები, გამოიყენეთ ინტერაქტიული ტერმინალი, გადაიტანეთ ფაილები SFTP-ით და მართეთ ლოკალური პორტების გადამისამართება. პროფილები და პარამეტრები ნაგულისხმევად ამ მოწყობილობაზე ინახება. JoeSSH-ის ანგარიში ან ჰოსტირებული სერვისი საჭირო არ არის.","JoeSSH Windows x64 પર સ્થાનિક SSH કાર્ય માટે મફત અને ઓપન-સોર્સ Public Beta છે. તમને પરવાનગી હોય તેવા સર્વર સાથે જોડાઓ, હોસ્ટ કી તપાસો, ઇન્ટરેક્ટિવ ટર્મિનલ વાપરો, SFTP દ્વારા ફાઇલો સ્થાનાંતરિત કરો અને સ્થાનિક પોર્ટ ફોરવર્ડિંગ સંચાલિત કરો. પ્રોફાઇલ અને પસંદગીઓ ડિફૉલ્ટ રૂપે આ ડિવાઇસ પર જ રહે છે. JoeSSH એકાઉન્ટ અથવા હોસ્ટેડ સેવા જરૂરી નથી.","JoeSSH — Windows x64 жүйесінде жергілікті SSH жұмысына арналған тегін әрі ашық бастапқы Public Beta. Рұқсатыңыз бар серверге қосылыңыз, хост кілттерін тексеріңіз, интерактивті терминалды пайдаланыңыз, файлдарды SFTP арқылы тасымалдаңыз және жергілікті порттарды қайта бағыттауды басқарыңыз. Профильдер мен параметрлер әдепкіде осы құрылғыда сақталады. JoeSSH тіркелгісі немесе орналастырылған қызмет қажет емес.","JoeSSH is een gratis open-source Public Beta voor lokaal SSH-werk op Windows x64. Maak verbinding met een server waarvoor je toestemming hebt, controleer hostsleutels, gebruik een interactieve terminal, verplaats bestanden met SFTP en beheer lokale port forwarding. Profielen en voorkeuren worden standaard op dit apparaat bewaard. Een JoeSSH-account of gehoste dienst is niet nodig.","JoeSSH é unha Public Beta gratuíta e de código aberto para traballo SSH local en Windows x64. Conéctate a un servidor que teñas autorización para usar, revisa as claves do host, usa un terminal interactivo, transfire ficheiros con SFTP e xestiona os reenvíos de portos locais. Os perfís e as preferencias gárdanse neste dispositivo por defecto. Non se precisa unha conta de JoeSSH nin un servizo aloxado.","JoeSSH és una Public Beta gratuïta i de codi obert per treballar amb SSH local a Windows x64. Connecteu-vos a un servidor autoritzat, reviseu les claus de l'amfitrió, feu servir el terminal interactiu, transferiu fitxers amb SFTP i gestioneu reenviaments de ports locals. Els perfils i les preferències es desen per defecte en aquest dispositiu. No cal cap compte de JoeSSH ni cap servei allotjat.","JoeSSH je bezplatná Public Beta s otevřeným zdrojovým kódem pro lokální práci přes SSH ve Windows x64. Připojte se k serveru, ke kterému máte oprávnění, zkontrolujte klíče hostitele, používejte interaktivní terminál, přenášejte soubory přes SFTP a spravujte místní přesměrování portů. Profily a předvolby se ve výchozím nastavení ukládají na tomto zařízení. Účet JoeSSH ani hostovaná služba nejsou potřeba.","JoeSSH je besplatna Public Beta otvorenog koda za lokalni SSH rad na sustavu Windows x64. Povežite se s poslužiteljem za koji imate ovlaštenje, pregledajte ključeve glavnog računala, koristite interaktivni terminal, prenesite datoteke putem SFTP-a i upravljajte lokalnim prosljeđivanjem priključaka. Profili i postavke po zadanom ostaju na ovom uređaju. Nisu potrebni JoeSSH račun ni hostana usluga.","JoeSSHqa Public Beta mana qullqiyuq, qillqa kichasqa, Windows x64-pi SSH local llamkaypaqmi. Saqisqa kamachiqman tinkuy, hostpa llavenkunata qhawariy, rimanakuy qillqanata llamkachi, SFTPwan qillqakunata apachiy, hinaspa puertokunapa ñawpaqman apayninta kamachiy. Tinkiy perfilkunapas akllasqakunapas kay dispositivollapi waqaychasqa kachkan. JoeSSH yupay utaq wasichasqa yanapakuyqa manam munasqachu.","JoeSSH हें Windows x64 आंत स्थानिक SSH कामा खातीर फुकट आनी मुक्त-स्रोत Public Beta आसा. तुमका वापरपाची परवानगी आसलेल्या सर्व्हराक जोडात, होस्ट की तपासात, परस्पर टर्मिनल वापरात, SFTP वरवीं फायलो हालोवात आनी स्थानिक पोर्ट फॉरवर्डिंग सांबाळात. प्रोफायल आनी पसंती ह्या डिव्हायसार डीफॉल्टान दवरात. JoeSSH खातें वा होस्टेड सेवा जायना.","JoeSSH ir bezmaksas atvērtā pirmkoda Public Beta lokālam SSH darbam operētājsistēmā Windows x64. Izveidojiet savienojumu ar serveri, kuru drīkstat izmantot, pārbaudiet resursdatora atslēgas, lietojiet interaktīvu termināli, pārsūtiet failus ar SFTP un pārvaldiet lokālu portu pāradresāciju. Profili un iestatījumi pēc noklusējuma paliek šajā ierīcē. JoeSSH konts vai mitināts pakalpojums nav vajadzīgs.","JoeSSH ແມ່ນ Public Beta ຟຣີ ແລະເປີດແຫຼ່ງ ສຳລັບວຽກ SSH ທ້ອງຖິ່ນໃນ Windows x64. ເຊື່ອມຕໍ່ເຊີບເວີທີ່ທ່ານມີສິດໃຊ້, ກວດເບິ່ງກຸນແຈໂຮສຕ໌, ໃຊ້ສະຖານີປະຕິສຳພັນ, ໂອນໄຟລ໌ດ້ວຍ SFTP ແລະຈັດການການສົ່ງຕໍ່ພອດທ້ອງຖິ່ນ. ໂປຣໄຟລ໌ແລະຄ່າກຳນົດຈະຖືກເກັບໄວ້ໃນອຸປະກອນນີ້ໂດຍຄ່າເລີ່ມຕົ້ນ. ບໍ່ຕ້ອງການບັນຊີ JoeSSH ຫຼືບໍລິການໂຮສຕ໌.","JoeSSH yra nemokama atvirojo kodo Public Beta vietiniam SSH darbui sistemoje Windows x64. Prisijunkite prie serverio, kurį turite teisę naudoti, peržiūrėkite pagrindinio kompiuterio raktus, naudokite interaktyvų terminalą, perkelkite failus naudodami SFTP ir valdykite vietinį prievadų persiuntimą. Profiliai ir nuostatos pagal numatytuosius parametrus lieka šiame įrenginyje. JoeSSH paskyros ar priglobtos paslaugos nereikia.","JoeSSH ass eng gratis Open-Source Public Beta fir lokal SSH-Aarbecht op Windows x64. Verbannt Iech mat engem Server, deen Dir benotze dierft, iwwerpréift d’Host-Schlësselen, benotzt en interaktiven Terminal, transferéiert Fichiere mat SFTP a geréiert lokal Port-Forwarding. Profiller a Preferenze bleiwen als Standard op dësem Apparat. E JoeSSH-Kont oder en gehoste Service ass net néideg.","JoeSSH este o Public Beta gratuită și open source pentru lucrul local cu SSH în Windows x64. Conectează-te la un server pe care ai voie să îl folosești, verifică cheile gazdei, utilizează un terminal interactiv, transferă fișiere prin SFTP și gestionează redirecționările locale de porturi. Profilurile și preferințele rămân implicit pe acest dispozitiv. Nu este necesar un cont JoeSSH sau un serviciu găzduit.","JoeSSH huwa Public Beta b’xejn u open source għal xogħol SSH lokali fuq Windows x64. Ikkonnettja ma’ server li għandek permess tuża, irrevedi ċ-ċwievet tal-host, uża terminal interattiv, ittrasferixxi fajls b’SFTP u mmaniġġja l-forwarding tal-portijiet lokali. Il-profili u l-preferenzi jinżammu fuq dan it-tagħmir b’mod awtomatiku. M’hemmx bżonn kont JoeSSH jew servizz ospitat.","JoeSSH हे Windows x64 वरील स्थानिक SSH कामासाठी मोफत आणि ओपन-सोर्स Public Beta आहे. तुम्हाला परवानगी असलेल्या सर्व्हरशी जोडा, होस्ट की तपासा, इंटरॅक्टिव्ह टर्मिनल वापरा, SFTP ने फाइल हस्तांतरित करा आणि स्थानिक पोर्ट फॉरवर्डिंग व्यवस्थापित करा. प्रोफाइल आणि प्राधान्ये डीफॉल्टनुसार या डिव्हाइसवरच राहतात. JoeSSH खाते किंवा होस्टेड सेवा आवश्यक नाही.","Windows x64-ൽ പ്രാദേശിക SSH പ്രവർത്തനത്തിനുള്ള സൗജന്യവും ഓപ്പൺ സോഴ്‌സുമായ Public Beta ആണ് JoeSSH. നിങ്ങൾക്ക് അനുമതിയുള്ള സെർവറിലേക്ക് കണക്റ്റ് ചെയ്യുക, ഹോസ്റ്റ് കീകൾ പരിശോധിക്കുക, ഇന്ററാക്ടീവ് ടെർമിനൽ ഉപയോഗിക്കുക, SFTP വഴി ഫയലുകൾ കൈമാറുക, പ്രാദേശിക പോർട്ട് ഫോർവേഡിംഗ് നിയന്ത്രിക്കുക. പ്രൊഫൈലുകളും മുൻഗണനകളും ഡിഫോൾട്ടായി ഈ ഉപകരണത്തിൽ തന്നെ സൂക്ഷിക്കും. JoeSSH അക്കൗണ്ടോ ഹോസ്റ്റ് ചെയ്ത സേവനമോ ആവശ്യമില്ല.","JoeSSH ialah Public Beta percuma dan sumber terbuka untuk kerja SSH tempatan pada Windows x64. Sambung ke pelayan yang anda dibenarkan gunakan, semak kunci hos, gunakan terminal interaktif, pindahkan fail dengan SFTP dan urus pemajuan port tempatan. Profil dan pilihan disimpan pada peranti ini secara lalai. Akaun JoeSSH atau perkhidmatan dihoskan tidak diperlukan.","JoeSSH е бесплатна Public Beta со отворен код за локална SSH работа на Windows x64. Поврзете се со сервер за кој имате дозвола, проверете ги клучевите на домаќинот, користете интерактивен терминал, пренесувајте датотеки со SFTP и управувајте со локалното препраќање порти. Профилите и поставките стандардно остануваат на овој уред. Не се потребни JoeSSH сметка или хостирана услуга.","He Public Beta kore utu, puna tuwhera a JoeSSH mō ngā mahi SSH ā-rohe ki Windows x64. Hono atu ki tētahi tūmau e whai whakaaetanga ana koe, arotakehia ngā kī kaihautū, whakamahia he kāpeka pāhekoheko, whakawhitihia ngā kōnae mā SFTP, ā, whakahaerehia ngā tuku tauranga ā-rohe. Ka noho ngā kōtaha me ngā manakohanga ki tēnei taputapu hei taunoa. Kāore he pūkete JoeSSH, he ratonga manaaki rānei e hiahiatia ana.","JoeSSH হল Windows x64-এ স্থানীয় SSH কাজের জন্য বিনামূল্যের ওপেন-সোর্স Public Beta। আপনার অনুমোদিত সার্ভারে সংযোগ করুন, হোস্ট কী পর্যালোচনা করুন, ইন্টার‌্যাক্টিভ টার্মিনাল ব্যবহার করুন, SFTP দিয়ে ফাইল স্থানান্তর করুন এবং স্থানীয় পোর্ট ফরওয়ার্ডিং পরিচালনা করুন। প্রোফাইল ও পছন্দ ডিফল্টভাবে এই ডিভাইসেই থাকে। JoeSSH অ্যাকাউন্ট বা হোস্ট করা পরিষেবা দরকার নেই।","JoeSSH is 'n gratis, oopbron Windows x64 Public Beta vir plaaslike SSH-werk. Koppel aan 'n gemagtigde bediener, hersien gasheersleutels, gebruik 'n interaktiewe terminaal, dra lêers met SFTP oor en bestuur plaaslike poortaanstuur. Profiele en voorkeure bly by verstek op hierdie toestel. Geen JoeSSH-rekening of gehuisveste diens is nodig nie.","JoeSSH Windows x64 मा स्थानीय SSH कामका लागि निःशुल्क खुला-स्रोत Public Beta हो। तपाईंलाई अनुमति भएको सर्भरमा जडान गर्नुहोस्, होस्ट कुञ्जी जाँच्नुहोस्, अन्तरक्रियात्मक टर्मिनल प्रयोग गर्नुहोस्, SFTP मार्फत फाइल सार्नुहोस् र स्थानीय पोर्ट फर्वार्डिङ व्यवस्थापन गर्नुहोस्। प्रोफाइल र प्राथमिकताहरू पूर्वनिर्धारित रूपमा यही उपकरणमा रहन्छन्। JoeSSH खाता वा होस्ट गरिएको सेवा आवश्यक छैन।","JoeSSH er en gratis Public Beta med åpen kildekode for lokalt SSH-arbeid på Windows x64. Koble til en server du har tillatelse til å bruke, gjennomgå vertsnøkler, bruk en interaktiv terminal, overfør filer med SFTP og administrer lokal portvideresending. Profiler og innstillinger lagres som standard på denne enheten. Du trenger ikke JoeSSH-konto eller en hostet tjeneste.","JoeSSH Windows x64 ਉੱਤੇ ਸਥਾਨਕ SSH ਕੰਮ ਲਈ ਮੁਫ਼ਤ ਅਤੇ ਓਪਨ-ਸੋਰਸ Public Beta ਹੈ। ਜਿਸ ਸਰਵਰ ਨੂੰ ਵਰਤਣ ਦੀ ਤੁਹਾਨੂੰ ਇਜਾਜ਼ਤ ਹੈ ਉਸ ਨਾਲ ਜੁੜੋ, ਹੋਸਟ ਕੁੰਜੀਆਂ ਦੀ ਜਾਂਚ ਕਰੋ, ਇੰਟਰਐਕਟਿਵ ਟਰਮੀਨਲ ਵਰਤੋ, SFTP ਰਾਹੀਂ ਫ਼ਾਈਲਾਂ ਭੇਜੋ ਅਤੇ ਸਥਾਨਕ ਪੋਰਟ ਫਾਰਵਰਡਿੰਗ ਸੰਭਾਲੋ। ਪ੍ਰੋਫ਼ਾਈਲ ਅਤੇ ਪਸੰਦਾਂ ਮੂਲ ਰੂਪ ਵਿੱਚ ਇਸ ਡਿਵਾਈਸ ਉੱਤੇ ਰਹਿੰਦੀਆਂ ਹਨ। JoeSSH ਖਾਤੇ ਜਾਂ ਹੋਸਟ ਕੀਤੀ ਸੇਵਾ ਦੀ ਲੋੜ ਨਹੀਂ।","JoeSSH é uma Public Beta gratuita e de código aberto para trabalho com SSH local no Windows x64. Conecte-se a um servidor que você está autorizado a usar, revise as chaves do host, use um terminal interativo, transfira arquivos com SFTP e gerencie encaminhamentos de portas locais. Perfis e preferências ficam neste dispositivo por padrão. Não é necessária uma conta JoeSSH nem um serviço hospedado.","JoeSSH é uma Public Beta gratuita e de código aberto para trabalho com SSH local no Windows x64. Ligue-se a um servidor que está autorizado a utilizar, reveja as chaves do anfitrião, utilize um terminal interativo, transfira ficheiros com SFTP e faça a gestão do reencaminhamento de portas local. Os perfis e as preferências ficam neste dispositivo por predefinição. Não é necessária uma conta JoeSSH nem um serviço alojado.",JoeSSH は Windows x64 でローカル SSH 作業を行うための無料オープンソース Public Beta です。利用を許可されたサーバーに接続し、ホストキーを確認し、対話型ターミナルを使い、SFTP でファイルを転送し、ローカルポート転送を管理できます。接続プロファイルと設定は既定でこのデバイスに保存されます。JoeSSH アカウントやホスト型サービスは必要ありません。,"JoeSSH är en gratis Public Beta med öppen källkod för lokalt SSH-arbete i Windows x64. Anslut till en server som du har rätt att använda, granska värdnycklar, använd en interaktiv terminal, överför filer med SFTP och hantera lokal portvidarebefordran. Profiler och inställningar sparas som standard på den här enheten. Inget JoeSSH-konto eller någon värdtjänst behövs.","JoeSSH je besplatna Public Beta otvorenog koda za lokalni SSH rad na Windows x64. Povežite se sa serverom za koji imate dozvolu, pregledajte ključeve hosta, koristite interaktivni terminal, prenesite datoteke pomoću SFTP-a i upravljajte lokalnim prosleđivanjem portova. Profili i podešavanja se podrazumevano čuvaju na ovom uređaju. JoeSSH nalog ili hostovana usluga nisu potrebni.","JoeSSH је бесплатна Public Beta отвореног кода за локални SSH рад на Windows x64. Повежите се са сервером за који имате дозволу, проверите кључеве хоста, користите интерактивни терминал, преносите датотеке помоћу SFTP-а и управљајте локалним прослеђивањем портова. Профили и подешавања се подразумевано чувају на овом уређају. JoeSSH налог или хостована услуга нису потребни.","JoeSSH je bezplatná Public Beta s otvoreným zdrojovým kódom na lokálnu prácu cez SSH vo Windows x64. Pripojte sa k serveru, ktorý smiete používať, skontrolujte kľúče hostiteľa, používajte interaktívny terminál, prenášajte súbory cez SFTP a spravujte miestne presmerovania portov. Profily a predvoľby zostávajú predvolene na tomto zariadení. Účet JoeSSH ani hostovaná služba nie sú potrebné.","JoeSSH je brezplačna odprtokodna Public Beta za lokalno delo SSH v sistemu Windows x64. Povežite se s strežnikom, ki ga smete uporabljati, preglejte ključe gostitelja, uporabite interaktivni terminal, prenašajte datoteke prek SFTP in upravljajte lokalno posredovanje vrat. Profili in nastavitve se privzeto shranjujejo v tej napravi. Račun JoeSSH ali gostovana storitev nista potrebna.","’S e Public Beta saor an-asgaidh le còd fosgailte a th’ ann an JoeSSH airson obair SSH ionadail air Windows x64. Ceangail ri frithealaiche a tha cead agad a chleachdadh, dèan lèirmheas air iuchraichean an òstair, cleachd crìoch eadar-ghnìomhach, gluais faidhlichean le SFTP agus stiùir cur air adhart phuirt ionadail. Bidh pròifilean agus roghainnean air an sàbhaladh air an inneal seo mar bhun-roghainn. Chan eil cunntas JoeSSH no seirbheis aoigheachd a dhìth.","JoeSSH Windows x64లో స్థానిక SSH పని కోసం ఉచిత ఓపెన్-సోర్స్ Public Beta. మీకు అనుమతి ఉన్న సర్వర్‌కు కనెక్ట్ అవ్వండి, హోస్ట్ కీలు పరిశీలించండి, ఇంటరాక్టివ్ టెర్మినల్ ఉపయోగించండి, SFTPతో ఫైళ్లను బదిలీ చేయండి మరియు స్థానిక పోర్ట్ ఫార్వార్డింగ్ నిర్వహించండి. ప్రొఫైళ్లు, ప్రాధాన్యతలు డిఫాల్ట్‌గా ఈ పరికరంలోనే ఉంటాయి. JoeSSH ఖాతా లేదా హోస్ట్ చేసిన సేవ అవసరం లేదు.","JoeSSH என்பது Windows x64 இல் உள்ளக SSH பணிக்கான இலவச திறந்த மூல Public Beta ஆகும். நீங்கள் அனுமதியுடன் பயன்படுத்தும் சேவையகத்துடன் இணைந்து, ஹோஸ்ட் விசைகளைச் சரிபார்த்து, ஊடாடும் முனையத்தைப் பயன்படுத்தி, SFTP மூலம் கோப்புகளை மாற்றி, உள்ளக துறைமுக முன்னனுப்பலை நிர்வகிக்கலாம். சுயவிவரங்களும் விருப்பங்களும் இயல்பாக இந்தச் சாதனத்தில் இருக்கும். JoeSSH கணக்கு அல்லது ஹோஸ்ட் செய்யப்பட்ட சேவை தேவையில்லை.",JoeSSH คือ Public Beta แบบฟรีและโอเพนซอร์สสำหรับงาน SSH ภายในเครื่องบน Windows x64 เชื่อมต่อเซิร์ฟเวอร์ที่คุณได้รับอนุญาต ตรวจสอบคีย์โฮสต์ ใช้เทอร์มินัลแบบโต้ตอบ ถ่ายโอนไฟล์ด้วย SFTP และจัดการการส่งต่อพอร์ตภายในเครื่อง โปรไฟล์และการตั้งค่าจะเก็บไว้ในอุปกรณ์นี้เป็นค่าเริ่มต้น ไม่ต้องมีบัญชี JoeSSH หรือบริการโฮสต์,"JoeSSH, Windows x64 üzerinde yerel SSH çalışması için ücretsiz ve açık kaynaklı bir Public Beta'dır. Kullanma izniniz olan bir sunucuya bağlanın, ana bilgisayar anahtarlarını inceleyin, etkileşimli terminali kullanın, dosyaları SFTP ile aktarın ve yerel bağlantı noktası yönlendirmelerini yönetin. Profiller ve tercihler varsayılan olarak bu cihazda tutulur. JoeSSH hesabı veya barındırılan hizmet gerekmez.","Mae JoeSSH yn Public Beta am ddim, ffynhonnell agored ar gyfer gwaith SSH lleol ar Windows x64. Cysylltwch â gweinydd y mae gennych ganiatâd i'w ddefnyddio, adolygwch allweddi'r gwesteiwr, defnyddiwch derfynell ryngweithiol, trosglwyddwch ffeiliau gyda SFTP a rheolwch flaenyrru porthladdoedd lleol. Cedwir proffiliau a dewisiadau ar y ddyfais hon yn ddiofyn. Nid oes angen cyfrif JoeSSH na gwasanaeth a gynhelir.",JoeSSH Windows x64 دىكى يەرلىك SSH خىزمىتى ئۈچۈن ھەقسىز، ئوچۇق كودلۇق Public Beta. ئىشلىتىش ھوقۇقىڭىز بار مۇلازىمېتىرغا ئۇلىنىڭ، host ئاچقۇچلىرىنى تەكشۈرۈڭ، ئۆزئارا تەسىر كۆرسىتىدىغان تېرمىنالنى ئىشلىتىڭ، SFTP ئارقىلىق ھۆججەت يۆتكەڭ ۋە يەرلىك پورت يۆتكەشنى باشقۇرۇڭ. ئارخىپ ۋە مايىللىقلار سۈكۈتتىكى ھالەتتە بۇ ئۈسكۈنىدە ساقلىنىدۇ. JoeSSH ھېساباتى ياكى host قىلىنغان مۇلازىمەت كېرەك ئەمەس.,JoeSSH Windows x64 پر مقامی SSH کے کام کے لیے مفت اور اوپن سورس Public Beta ہے۔ ایسے سرور سے جڑیں جسے استعمال کرنے کی آپ کو اجازت ہو، ہوسٹ کیز کا جائزہ لیں، انٹرایکٹو ٹرمینل استعمال کریں، SFTP کے ذریعے فائلیں منتقل کریں اور مقامی پورٹ فارورڈنگ سنبھالیں۔ پروفائلز اور ترجیحات بطور ڈیفالٹ اسی ڈیوائس پر رہتی ہیں۔ JoeSSH اکاؤنٹ یا ہوسٹڈ سروس کی ضرورت نہیں۔,"JoeSSH — безкоштовна Public Beta з відкритим кодом для локальної роботи через SSH у Windows x64. Підключайтеся до сервера, яким вам дозволено користуватися, перевіряйте ключі вузла, працюйте в інтерактивному терміналі, передавайте файли через SFTP і керуйте локальним перенаправленням портів. Профілі та налаштування за замовчуванням залишаються на цьому пристрої. Обліковий запис JoeSSH або розміщена служба не потрібні.","JoeSSH es una Public Beta gratis y de código abierto para trabajar con SSH local en Windows x64. Conéctate a un servidor que tengas autorizado a usar, revisa las claves del host, usa una terminal interactiva, transfiere archivos con SFTP y administra el reenvío de puertos local. Los perfiles y las preferencias se guardan de forma predeterminada en este dispositivo. No necesitas una cuenta de JoeSSH ni un servicio alojado.","JoeSSH es una Public Beta gratuita y de código abierto para trabajar con SSH local en Windows x64. Conéctate a un servidor que tengas autorizado a usar, revisa las claves del host, utiliza un terminal interactivo, transfiere archivos con SFTP y gestiona reenvíos de puertos locales. Los perfiles y las preferencias se guardan de forma predeterminada en este dispositivo. No necesitas una cuenta de JoeSSH ni un servicio alojado.","JoeSSH היא Public Beta חינמית בקוד פתוח לעבודה מקומית עם SSH ב-Windows x64. התחברו לשרת שיש לכם הרשאה להשתמש בו, בדקו מפתחות מארח, השתמשו במסוף אינטראקטיבי, העבירו קבצים באמצעות SFTP ונהלו העברות יציאות מקומיות. פרופילים והעדפות נשמרים כברירת מחדל במכשיר הזה. אין צורך בחשבון JoeSSH או בשירות מתארח.","Το JoeSSH είναι δωρεάν Public Beta ανοικτού κώδικα για τοπική εργασία SSH στα Windows x64. Συνδεθείτε σε διακομιστή που έχετε άδεια να χρησιμοποιείτε, ελέγξτε τα κλειδιά κεντρικού υπολογιστή, χρησιμοποιήστε διαδραστικό τερματικό, μεταφέρετε αρχεία με SFTP και διαχειριστείτε τοπικές προωθήσεις θυρών. Τα προφίλ και οι προτιμήσεις αποθηκεύονται από προεπιλογή σε αυτή τη συσκευή. Δεν απαιτείται λογαριασμός JoeSSH ή φιλοξενούμενη υπηρεσία.","A JoeSSH ingyenes, nyílt forráskódú Public Beta helyi SSH-munkához Windows x64-en. Csatlakozzon olyan kiszolgálóhoz, amelyhez jogosultsága van, ellenőrizze a gazdagépkulcsokat, használjon interaktív terminált, vigyen át fájlokat SFTP-vel, és kezelje a helyi porttovábbításokat. A profilok és beállítások alapértelmezés szerint ezen az eszközön maradnak. JoeSSH-fiók vagy üzemeltetett szolgáltatás nem szükséges.","JoeSSH è una Public Beta gratuita e open source per il lavoro SSH locale su Windows x64. Collegati a un server che sei autorizzato a usare, controlla le chiavi host, usa un terminale interattivo, trasferisci file con SFTP e gestisci gli inoltri delle porte locali. I profili e le preferenze restano per impostazione predefinita su questo dispositivo. Non servono un account JoeSSH o un servizio ospitato.","JoeSSH Windows x64 पर स्थानीय SSH काम के लिए निःशुल्क और ओपन-सोर्स Public Beta है। जिस सर्वर को इस्तेमाल करने की अनुमति है उससे जुड़ें, होस्ट कुंजियों की समीक्षा करें, इंटरैक्टिव टर्मिनल इस्तेमाल करें, SFTP से फ़ाइलें स्थानांतरित करें और स्थानीय पोर्ट फ़ॉरवर्डिंग प्रबंधित करें। प्रोफ़ाइल और प्राथमिकताएँ डिफ़ॉल्ट रूप से इसी डिवाइस पर रहती हैं। JoeSSH खाते या होस्ट की गई सेवा की ज़रूरत नहीं है।","JoeSSH adalah Public Beta gratis dan sumber terbuka untuk pekerjaan SSH lokal di Windows x64. Sambungkan ke server yang boleh Anda gunakan, tinjau kunci host, gunakan terminal interaktif, transfer file dengan SFTP, dan kelola penerusan port lokal. Profil dan preferensi secara default tetap di perangkat ini. Akun JoeSSH atau layanan ter-host tidak diperlukan.","JoeSSH is a free, open-source Public Beta for local SSH work on Windows x64. Connect to an authorised server, review host keys, use an interactive terminal, transfer files with SFTP, and manage local port forwarding. Profiles and preferences stay on this device by default. No JoeSSH account or hosted service is required.","JoeSSH là Public Beta miễn phí, mã nguồn mở cho công việc SSH cục bộ trên Windows x64. Kết nối đến máy chủ mà bạn được phép sử dụng, xem xét khóa máy chủ, dùng thiết bị đầu cuối tương tác, truyền tệp bằng SFTP và quản lý chuyển tiếp cổng cục bộ. Hồ sơ và tùy chọn mặc định được lưu trên thiết bị này. Không cần tài khoản JoeSSH hoặc dịch vụ được lưu trữ.",JoeSSH 是適用於 Windows x64 本機 SSH 工作的免費開源 Public Beta。連線到你獲授權使用的伺服器，核對主機金鑰，使用互動式終端機，透過 SFTP 傳輸檔案，並管理本機連接埠轉送。連線設定與偏好設定預設保留在此裝置上。不需要 JoeSSH 帳戶，也不需要代管服務。
ReleaseNotes,3,文本,,,,,,,,,,,,,,,,,,,,,,,,,,,,,,,,,,,,,,,,,,,,,,,,,,,,,,,,,,,,,,,,,,,,,,,,,,,,,,,,,
Title,4,文本,,JoeSSH,JoeSSH,JoeSSH,JoeSSH,JoeSSH,JoeSSH,JoeSSH,JoeSSH,JoeSSH,JoeSSH,JoeSSH,JoeSSH,JoeSSH,JoeSSH,JoeSSH,JoeSSH,JoeSSH,JoeSSH,JoeSSH,JoeSSH,JoeSSH,JoeSSH,JoeSSH,JoeSSH,JoeSSH,JoeSSH,JoeSSH,JoeSSH,JoeSSH,JoeSSH,JoeSSH,JoeSSH,JoeSSH,JoeSSH,JoeSSH,JoeSSH,JoeSSH,JoeSSH,JoeSSH,JoeSSH,JoeSSH,JoeSSH,JoeSSH,JoeSSH,JoeSSH,JoeSSH,JoeSSH,JoeSSH,JoeSSH,JoeSSH,JoeSSH,JoeSSH,JoeSSH,JoeSSH,JoeSSH,JoeSSH,JoeSSH,JoeSSH,JoeSSH,JoeSSH,JoeSSH,JoeSSH,JoeSSH,JoeSSH,JoeSSH,JoeSSH,JoeSSH,JoeSSH,JoeSSH,JoeSSH,JoeSSH,JoeSSH,JoeSSH,JoeSSH,JoeSSH,JoeSSH,JoeSSH,JoeSSH,JoeSSH,JoeSSH
ShortTitle,5,文本,,,,,,,,,,,,,,,,,,,,,,,,,,,,,,,,,,,,,,,,,,,,,,,,,,,,,,,,,,,,,,,,,,,,,,,,,,,,,,,,,
SortTitle,6,文本,,,,,,,,,,,,,,,,,,,,,,,,,,,,,,,,,,,,,,,,,,,,,,,,,,,,,,,,,,,,,,,,,,,,,,,,,,,,,,,,,
VoiceTitle,7,文本,,,,,,,,,,,,,,,,,,,,,,,,,,,,,,,,,,,,,,,,,,,,,,,,,,,,,,,,,,,,,,,,,,,,,,,,,,,,,,,,,
ShortDescription,8,文本,,"Public Beta: local-first SSH, terminal, SFTP, and port forwarding for Windows.",Public Beta：面向 Windows 的本地优先 SSH、终端、SFTP 与端口转发工具。,"Public Beta falas me burim të hapur për SSH lokal, SFTP dhe përcjellje portash në Windows x64.",إصدار تجريبي عام مجاني ومفتوح المصدر لـ SSH وSFTP وتحويل المنافذ محلياً على Windows x64.,ነጻ እና ክፍት ምንጭ Public Beta፣ ለWindows x64 አካባቢያዊ SSH፣ SFTP እና የፖርት ማስተላለፊያ።,"Windows x64-ত স্থানীয় SSH, SFTP আৰু প’ৰ্ট ফৰৱাৰ্ডিঙৰ বাবে বিনামূলীয়া মুক্ত-উৎস Public Beta।","Windows x64 üçün pulsuz, açıq mənbəli Public Beta: yerli SSH, SFTP və port yönləndirməsi.","Windows x64 ನಲ್ಲಿ ಸ್ಥಳೀಯ SSH, SFTP ಮತ್ತು ಪೋರ್ಟ್ ಫಾರ್ವರ್ಡಿಂಗ್‌ಗಾಗಿ ಉಚಿತ, ಮುಕ್ತ ಮೂಲದ Public Beta.","Public Beta saor in aisce agus foinse oscailte do SSH logánta, SFTP agus cur ar aghaidh calafoirt ar Windows x64.","Tasuta avatud lähtekoodiga Public Beta kohaliku SSH, SFTP ja pordisuunamise jaoks Windows x64-s.","Windows x64 ରେ ସ୍ଥାନୀୟ SSH, SFTP ଏବଂ ପୋର୍ଟ ଫରୱାର୍ଡିଂ ପାଇଁ ମାଗଣା ମୁକ୍ତ-ସ୍ରୋତ Public Beta।","Public Beta gratuïta i de codi obert per a SSH local, SFTP i reenviament de ports en Windows x64.","Doako eta kode irekiko Public Beta, Windows x64-n SSH lokal, SFTP eta ataka-birbidalketarako.","Безплатна Public Beta с отворен код за локален SSH, SFTP и пренасочване на портове в Windows x64.","Ókeypis Public Beta með opnum kóða fyrir SSH, SFTP og framsendingu gátta á Windows x64.","Bezpłatna, otwartoźródłowa Public Beta do lokalnego SSH, SFTP i przekierowania portów w Windows x64.","Windows x64에서 로컬 우선 SSH, SFTP 및 포트 전달을 사용하는 무료 오픈 소스 Public Beta입니다.","Windows x64 өчен җирле SSH, SFTP һәм портларны юнәлтүгә бушлай, ачык чыганаклы Public Beta.","Gratis open source Public Beta til lokal SSH, SFTP og portviderestilling på Windows x64.","Kostenlose Open-Source-Public-Beta für lokales SSH, SFTP und Portweiterleitung unter Windows x64.","Бесплатная Public Beta с открытым исходным кодом для локального SSH, SFTP и перенаправления портов в Windows x64.","Public Beta gratuite et open source pour SSH local, SFTP et redirection de ports sur Windows x64.","Public Beta gratuite et open source pour SSH local, SFTP et redirection de ports sur Windows x64.","Libre at open source na Public Beta para sa lokal-first SSH, SFTP, at port forwarding sa Windows x64.","Ilmainen avoimen lähdekoodin Public Beta paikalliseen SSH:hen, SFTP:hen ja porttien välitykseen Windows x64:ssä.","Public Beta ឥតគិតថ្លៃ និងប្រភពបើកចំហ សម្រាប់ SSH, SFTP និងការបញ្ជូនច្រកក្នុង Windows x64។","უფასო ღია კოდის Public Beta Windows x64-ზე ლოკალური SSH-ის, SFTP-ისა და პორტების გადამისამართებისთვის.","Windows x64 પર સ્થાનિક SSH, SFTP અને પોર્ટ ફોરવર્ડિંગ માટે મફત ઓપન-સોર્સ Public Beta.","Windows x64 жүйесіндегі жергілікті SSH, SFTP және порттарды қайта бағыттауға арналған тегін, ашық бастапқы Public Beta.","Gratis open-source Public Beta voor lokale SSH, SFTP en port forwarding op Windows x64.","Public Beta gratuíta e de código aberto para SSH local, SFTP e reenvío de portos en Windows x64.","Public Beta gratuïta i de codi obert per a SSH local, SFTP i reenviament de ports a Windows x64.","Bezplatná Public Beta s otevřeným zdrojovým kódem pro lokální SSH, SFTP a přesměrování portů ve Windows x64.","Besplatna Public Beta otvorenog koda za lokalni SSH, SFTP i prosljeđivanje priključaka na Windows x64.","Public Beta mana qullqiyuq, qillqa kichasqa, Windows x64-pi SSH local, SFTP hinaspa puertokunapa ñawpaqman apayninpaq.","Windows x64 आंत स्थानिक SSH, SFTP आनी पोर्ट फॉरवर्डिंग खातीर फुकट, मुक्त-स्रोत Public Beta.","Bezmaksas atvērtā pirmkoda Public Beta lokālam SSH, SFTP un portu pāradresācijai operētājsistēmā Windows x64.","Public Beta ຟຣີ ແລະເປີດແຫຼ່ງ ສຳລັບ SSH, SFTP ແລະການສົ່ງຕໍ່ພອດໃນ Windows x64.","Nemokama atvirojo kodo Public Beta vietiniam SSH, SFTP ir prievadų persiuntimui sistemoje Windows x64.","Gratis Open-Source Public Beta fir lokalen SSH, SFTP a Port-Forwarding op Windows x64.","Public Beta gratuită și open source pentru SSH local, SFTP și redirecționarea porturilor în Windows x64.","Public Beta b’xejn u open source għal SSH lokali, SFTP u forwarding tal-portijiet fuq Windows x64.","Windows x64 वर स्थानिक SSH, SFTP आणि पोर्ट फॉरवर्डिंगसाठी मोफत ओपन-सोर्स Public Beta.","Windows x64-ൽ പ്രാദേശിക SSH, SFTP, പോർട്ട് ഫോർവേഡിംഗ് എന്നിവയ്ക്കുള്ള സൗജന്യ ഓപ്പൺ സോഴ്‌സ് Public Beta.","Public Beta percuma dan sumber terbuka untuk SSH tempatan, SFTP dan pemajuan port pada Windows x64.","Бесплатна Public Beta со отворен код за локален SSH, SFTP и препраќање порти на Windows x64.","Public Beta kore utu, puna tuwhera mō SSH ā-rohe, SFTP me te tuku tauranga ki Windows x64.","Windows x64-এ স্থানীয় SSH, SFTP এবং পোর্ট ফরওয়ার্ডিংয়ের জন্য বিনামূল্যের ওপেন-সোর্স Public Beta।","Gratis, oopbron Public Beta vir plaaslike SSH, SFTP en poortaanstuur op Windows x64.","Windows x64 मा स्थानीय SSH, SFTP र पोर्ट फर्वार्डिङका लागि निःशुल्क खुला-स्रोत Public Beta।","Gratis Public Beta med åpen kildekode for lokal SSH, SFTP og portvideresending på Windows x64.","Windows x64 ਉੱਤੇ ਸਥਾਨਕ SSH, SFTP ਅਤੇ ਪੋਰਟ ਫਾਰਵਰਡਿੰਗ ਲਈ ਮੁਫ਼ਤ ਓਪਨ-ਸੋਰਸ Public Beta।","Public Beta gratuita e de código aberto para SSH local, SFTP e encaminhamento de portas no Windows x64.","Public Beta gratuita e de código aberto para SSH local, SFTP e reencaminhamento de portas no Windows x64.",Windows x64 でローカル優先の SSH、SFTP、ポート転送を使える無料オープンソース Public Beta。,"Gratis Public Beta med öppen källkod för lokal SSH, SFTP och portvidarebefordran i Windows x64.","Besplatna Public Beta otvorenog koda za lokalni SSH, SFTP i prosleđivanje portova na Windows x64.","Бесплатна Public Beta отвореног кода за локални SSH, SFTP и прослеђивање портова на Windows x64.","Bezplatná Public Beta s otvoreným zdrojovým kódom pre lokálne SSH, SFTP a presmerovanie portov vo Windows x64.","Brezplačna odprtokodna Public Beta za lokalni SSH, SFTP in posredovanje vrat v sistemu Windows x64.","Public Beta saor an-asgaidh le còd fosgailte airson SSH ionadail, SFTP agus cur air adhart phuirt air Windows x64.","Windows x64లో స్థానిక SSH, SFTP మరియు పోర్ట్ ఫార్వార్డింగ్ కోసం ఉచిత ఓపెన్-సోర్స్ Public Beta.","Windows x64 இல் உள்ளக SSH, SFTP மற்றும் துறைமுக முன்னனுப்பலுக்கான இலவச, திறந்த மூல Public Beta.","Public Beta แบบฟรีและโอเพนซอร์สสำหรับ SSH, SFTP และการส่งต่อพอร์ตภายในเครื่องบน Windows x64","Windows x64 üzerinde yerel SSH, SFTP ve bağlantı noktası yönlendirmesi için ücretsiz, açık kaynaklı Public Beta.","Public Beta am ddim, ffynhonnell agored ar gyfer SSH lleol, SFTP a blaenyrru porthladdoedd ar Windows x64.",Windows x64 دىكى يەرلىك SSH، SFTP ۋە پورت يۆتكەش ئۈچۈن ھەقسىز، ئوچۇق كودلۇق Public Beta.,Windows x64 پر مقامی SSH، SFTP اور پورٹ فارورڈنگ کے لیے مفت اوپن سورس Public Beta۔,"Безкоштовна Public Beta з відкритим кодом для локального SSH, SFTP і перенаправлення портів у Windows x64.","Public Beta gratis y de código abierto para SSH local, SFTP y reenvío de puertos en Windows x64.","Public Beta gratuita y de código abierto para SSH local, SFTP y reenvío de puertos en Windows x64.","Public Beta חינמית וקוד פתוח ל-SSH מקומי, SFTP והעברת יציאות ב-Windows x64.","Δωρεάν Public Beta ανοικτού κώδικα για τοπικό SSH, SFTP και προώθηση θυρών στα Windows x64.","Ingyenes, nyílt forráskódú Public Beta helyi SSH-hoz, SFTP-hez és porttovábbításhoz Windows x64-en.","Public Beta gratuita e open source per SSH locale, SFTP e inoltro delle porte su Windows x64.","Windows x64 पर स्थानीय SSH, SFTP और पोर्ट फ़ॉरवर्डिंग के लिए निःशुल्क, ओपन-सोर्स Public Beta।","Public Beta gratis dan sumber terbuka untuk SSH lokal, SFTP, dan penerusan port di Windows x64.","Free, open-source Public Beta for local-first SSH, SFTP and port forwarding on Windows x64.","Public Beta miễn phí, mã nguồn mở cho SSH cục bộ, SFTP và chuyển tiếp cổng trên Windows x64.",免費開源 Public Beta，適用於 Windows x64 的本機優先 SSH、SFTP 與連接埠轉送。
DevStudio,9,文本,,Joe_work,Joe_work,,,,,,,,,,,,,,,,,,,,,,,,,,,,,,,,,,,,,,,,,,,,,,,,,,,,,,,,,,,,,,,,,,,,,,,,,,,,,,
CopyrightTrademarkInformation,12,文本,,Copyright (c) 2026 JoeSSH contributors,Copyright (c) 2026 JoeSSH contributors,,,,,,,,,,,,,,,,,,,,,,,,,,,,,,,,,,,,,,,,,,,,,,,,,,,,,,,,,,,,,,,,,,,,,,,,,,,,,,
AdditionalLicenseTerms,13,文本,,"MIT License

Copyright (c) 2026 JoeSSH contributors

Permission is hereby granted, free of charge, to any person obtaining a copy
of this software and associated documentation files (the ""Software""), to deal
in the Software without restriction, including without limitation the rights
to use, copy, modify, merge, publish, distribute, sublicense, and/or sell
copies of the Software, and to permit persons to whom the Software is
furnished to do so, subject to the following conditions:

The above copyright notice and this permission notice shall be included in all
copies or substantial portions of the Software.

THE SOFTWARE IS PROVIDED ""AS IS"", WITHOUT WARRANTY OF ANY KIND, EXPRESS OR
IMPLIED, INCLUDING BUT NOT LIMITED TO THE WARRANTIES OF MERCHANTABILITY,
FITNESS FOR A PARTICULAR PURPOSE AND NONINFRINGEMENT. IN NO EVENT SHALL THE
AUTHORS OR COPYRIGHT HOLDERS BE LIABLE FOR ANY CLAIM, DAMAGES OR OTHER
LIABILITY, WHETHER IN AN ACTION OF CONTRACT, TORT OR OTHERWISE, ARISING FROM,
OUT OF OR IN CONNECTION WITH THE SOFTWARE OR THE USE OR OTHER DEALINGS IN THE
SOFTWARE.","MIT License

Copyright (c) 2026 JoeSSH contributors

Permission is hereby granted, free of charge, to any person obtaining a copy
of this software and associated documentation files (the ""Software""), to deal
in the Software without restriction, including without limitation the rights
to use, copy, modify, merge, publish, distribute, sublicense, and/or sell
copies of the Software, and to permit persons to whom the Software is
furnished to do so, subject to the following conditions:

The above copyright notice and this permission notice shall be included in all
copies or substantial portions of the Software.

THE SOFTWARE IS PROVIDED ""AS IS"", WITHOUT WARRANTY OF ANY KIND, EXPRESS OR
IMPLIED, INCLUDING BUT NOT LIMITED TO THE WARRANTIES OF MERCHANTABILITY,
FITNESS FOR A PARTICULAR PURPOSE AND NONINFRINGEMENT. IN NO EVENT SHALL THE
AUTHORS OR COPYRIGHT HOLDERS BE LIABLE FOR ANY CLAIM, DAMAGES OR OTHER
LIABILITY, WHETHER IN AN ACTION OF CONTRACT, TORT OR OTHERWISE, ARISING FROM,
OUT OF OR IN CONNECTION WITH THE SOFTWARE OR THE USE OR OTHER DEALINGS IN THE
SOFTWARE.",,,,,,,,,,,,,,,,,,,,,,,,,,,,,,,,,,,,,,,,,,,,,,,,,,,,,,,,,,,,,,,,,,,,,,,,,,,,,,
DesktopScreenshot1,100,相对路径(或指向合作伙伴中心文件的 URL),,https://developer.microsoft.com/en-us/dashboard/apps/9NK5LLMF8LHM/submissions/1152921505701586331/listings/1152922700026547720/listingassets/3031859041546304516,https://developer.microsoft.com/en-us/dashboard/apps/9NK5LLMF8LHM/submissions/1152921505701586331/listings/1152922700026547722/listingassets/3005060091304761155,https://developer.microsoft.com/en-us/dashboard/apps/9NK5LLMF8LHM/submissions/1152921505701586331/listings/1152922700026625343/listingassets/3031859041546304516,https://developer.microsoft.com/en-us/dashboard/apps/9NK5LLMF8LHM/submissions/1152921505701586331/listings/1152922700026625345/listingassets/3031859041546304516,https://developer.microsoft.com/en-us/dashboard/apps/9NK5LLMF8LHM/submissions/1152921505701586331/listings/1152922700026625347/listingassets/3031859041546304516,https://developer.microsoft.com/en-us/dashboard/apps/9NK5LLMF8LHM/submissions/1152921505701586331/listings/1152922700026625349/listingassets/3031859041546304516,https://developer.microsoft.com/en-us/dashboard/apps/9NK5LLMF8LHM/submissions/1152921505701586331/listings/1152922700026625351/listingassets/3031859041546304516,https://developer.microsoft.com/en-us/dashboard/apps/9NK5LLMF8LHM/submissions/1152921505701586331/listings/1152922700026625353/listingassets/3031859041546304516,https://developer.microsoft.com/en-us/dashboard/apps/9NK5LLMF8LHM/submissions/1152921505701586331/listings/1152922700026625355/listingassets/3031859041546304516,https://developer.microsoft.com/en-us/dashboard/apps/9NK5LLMF8LHM/submissions/1152921505701586331/listings/1152922700026625357/listingassets/3031859041546304516,https://developer.microsoft.com/en-us/dashboard/apps/9NK5LLMF8LHM/submissions/1152921505701586331/listings/1152922700026625359/listingassets/3031859041546304516,https://developer.microsoft.com/en-us/dashboard/apps/9NK5LLMF8LHM/submissions/1152921505701586331/listings/1152922700026625361/listingassets/3031859041546304516,https://developer.microsoft.com/en-us/dashboard/apps/9NK5LLMF8LHM/submissions/1152921505701586331/listings/1152922700026625363/listingassets/3031859041546304516,https://developer.microsoft.com/en-us/dashboard/apps/9NK5LLMF8LHM/submissions/1152921505701586331/listings/1152922700026625365/listingassets/3031859041546304516,https://developer.microsoft.com/en-us/dashboard/apps/9NK5LLMF8LHM/submissions/1152921505701586331/listings/1152922700026625367/listingassets/3031859041546304516,https://developer.microsoft.com/en-us/dashboard/apps/9NK5LLMF8LHM/submissions/1152921505701586331/listings/1152922700026625429/listingassets/3031859041546304516,https://developer.microsoft.com/en-us/dashboard/apps/9NK5LLMF8LHM/submissions/1152921505701586331/listings/1152922700026625427/listingassets/3031859041546304516,https://developer.microsoft.com/en-us/dashboard/apps/9NK5LLMF8LHM/submissions/1152921505701586331/listings/1152922700026625425/listingassets/3031859041546304516,https://developer.microsoft.com/en-us/dashboard/apps/9NK5LLMF8LHM/submissions/1152921505701586331/listings/1152922700026625423/listingassets/3031859041546304516,https://developer.microsoft.com/en-us/dashboard/apps/9NK5LLMF8LHM/submissions/1152921505701586331/listings/1152922700026625421/listingassets/3031859041546304516,https://developer.microsoft.com/en-us/dashboard/apps/9NK5LLMF8LHM/submissions/1152921505701586331/listings/1152922700026625419/listingassets/3031859041546304516,https://developer.microsoft.com/en-us/dashboard/apps/9NK5LLMF8LHM/submissions/1152921505701586331/listings/1152922700026625417/listingassets/3031859041546304516,https://developer.microsoft.com/en-us/dashboard/apps/9NK5LLMF8LHM/submissions/1152921505701586331/listings/1152922700026625415/listingassets/3031859041546304516,https://developer.microsoft.com/en-us/dashboard/apps/9NK5LLMF8LHM/submissions/1152921505701586331/listings/1152922700026625401/listingassets/3031859041546304516,https://developer.microsoft.com/en-us/dashboard/apps/9NK5LLMF8LHM/submissions/1152921505701586331/listings/1152922700026625403/listingassets/3031859041546304516,https://developer.microsoft.com/en-us/dashboard/apps/9NK5LLMF8LHM/submissions/1152921505701586331/listings/1152922700026625405/listingassets/3031859041546304516,https://developer.microsoft.com/en-us/dashboard/apps/9NK5LLMF8LHM/submissions/1152921505701586331/listings/1152922700026625407/listingassets/3031859041546304516,https://developer.microsoft.com/en-us/dashboard/apps/9NK5LLMF8LHM/submissions/1152921505701586331/listings/1152922700026625409/listingassets/3031859041546304516,https://developer.microsoft.com/en-us/dashboard/apps/9NK5LLMF8LHM/submissions/1152921505701586331/listings/1152922700026625411/listingassets/3031859041546304516,https://developer.microsoft.com/en-us/dashboard/apps/9NK5LLMF8LHM/submissions/1152921505701586331/listings/1152922700026625413/listingassets/3031859041546304516,https://developer.microsoft.com/en-us/dashboard/apps/9NK5LLMF8LHM/submissions/1152921505701586331/listings/1152922700026625459/listingassets/3031859041546304516,https://developer.microsoft.com/en-us/dashboard/apps/9NK5LLMF8LHM/submissions/1152921505701586331/listings/1152922700026625457/listingassets/3031859041546304516,https://developer.microsoft.com/en-us/dashboard/apps/9NK5LLMF8LHM/submissions/1152921505701586331/listings/1152922700026625455/listingassets/3031859041546304516,https://developer.microsoft.com/en-us/dashboard/apps/9NK5LLMF8LHM/submissions/1152921505701586331/listings/1152922700026625453/listingassets/3031859041546304516,https://developer.microsoft.com/en-us/dashboard/apps/9NK5LLMF8LHM/submissions/1152921505701586331/listings/1152922700026625451/listingassets/3031859041546304516,https://developer.microsoft.com/en-us/dashboard/apps/9NK5LLMF8LHM/submissions/1152921505701586331/listings/1152922700026625449/listingassets/3031859041546304516,https://developer.microsoft.com/en-us/dashboard/apps/9NK5LLMF8LHM/submissions/1152921505701586331/listings/1152922700026625447/listingassets/3031859041546304516,https://developer.microsoft.com/en-us/dashboard/apps/9NK5LLMF8LHM/submissions/1152921505701586331/listings/1152922700026625445/listingassets/3031859041546304516,https://developer.microsoft.com/en-us/dashboard/apps/9NK5LLMF8LHM/submissions/1152921505701586331/listings/1152922700026625443/listingassets/3031859041546304516,https://developer.microsoft.com/en-us/dashboard/apps/9NK5LLMF8LHM/submissions/1152921505701586331/listings/1152922700026625431/listingassets/3031859041546304516,https://developer.microsoft.com/en-us/dashboard/apps/9NK5LLMF8LHM/submissions/1152921505701586331/listings/1152922700026625433/listingassets/3031859041546304516,https://developer.microsoft.com/en-us/dashboard/apps/9NK5LLMF8LHM/submissions/1152921505701586331/listings/1152922700026625435/listingassets/3031859041546304516,https://developer.microsoft.com/en-us/dashboard/apps/9NK5LLMF8LHM/submissions/1152921505701586331/listings/1152922700026625437/listingassets/3031859041546304516,https://developer.microsoft.com/en-us/dashboard/apps/9NK5LLMF8LHM/submissions/1152921505701586331/listings/1152922700026625439/listingassets/3031859041546304516,https://developer.microsoft.com/en-us/dashboard/apps/9NK5LLMF8LHM/submissions/1152921505701586331/listings/1152922700026625441/listingassets/3031859041546304516,https://developer.microsoft.com/en-us/dashboard/apps/9NK5LLMF8LHM/submissions/1152921505701586331/listings/1152922700026625519/listingassets/3031859041546304516,https://developer.microsoft.com/en-us/dashboard/apps/9NK5LLMF8LHM/submissions/1152921505701586331/listings/1152922700026625490/listingassets/3031859041546304516,https://developer.microsoft.com/en-us/dashboard/apps/9NK5LLMF8LHM/submissions/1152921505701586331/listings/1152922700026625517/listingassets/3031859041546304516,https://developer.microsoft.com/en-us/dashboard/apps/9NK5LLMF8LHM/submissions/1152921505701586331/listings/1152922700026625493/listingassets/3031859041546304516,https://developer.microsoft.com/en-us/dashboard/apps/9NK5LLMF8LHM/submissions/1152921505701586331/listings/1152922700026625495/listingassets/3031859041546304516,https://developer.microsoft.com/en-us/dashboard/apps/9NK5LLMF8LHM/submissions/1152921505701586331/listings/1152922700026625497/listingassets/3031859041546304516,https://developer.microsoft.com/en-us/dashboard/apps/9NK5LLMF8LHM/submissions/1152921505701586331/listings/1152922700026625499/listingassets/3031859041546304516,https://developer.microsoft.com/en-us/dashboard/apps/9NK5LLMF8LHM/submissions/1152921505701586331/listings/1152922700026625501/listingassets/3031859041546304516,https://developer.microsoft.com/en-us/dashboard/apps/9NK5LLMF8LHM/submissions/1152921505701586331/listings/1152922700026625503/listingassets/3031859041546304516,https://developer.microsoft.com/en-us/dashboard/apps/9NK5LLMF8LHM/submissions/1152921505701586331/listings/1152922700026625505/listingassets/3031859041546304516,https://developer.microsoft.com/en-us/dashboard/apps/9NK5LLMF8LHM/submissions/1152921505701586331/listings/1152922700026625507/listingassets/3031859041546304516,https://developer.microsoft.com/en-us/dashboard/apps/9NK5LLMF8LHM/submissions/1152921505701586331/listings/1152922700026625509/listingassets/3031859041546304516,https://developer.microsoft.com/en-us/dashboard/apps/9NK5LLMF8LHM/submissions/1152921505701586331/listings/1152922700026625511/listingassets/3031859041546304516,https://developer.microsoft.com/en-us/dashboard/apps/9NK5LLMF8LHM/submissions/1152921505701586331/listings/1152922700026625513/listingassets/3031859041546304516,https://developer.microsoft.com/en-us/dashboard/apps/9NK5LLMF8LHM/submissions/1152921505701586331/listings/1152922700026625515/listingassets/3031859041546304516,https://developer.microsoft.com/en-us/dashboard/apps/9NK5LLMF8LHM/submissions/1152921505701586331/listings/1152922700026625579/listingassets/3031859041546304516,https://developer.microsoft.com/en-us/dashboard/apps/9NK5LLMF8LHM/submissions/1152921505701586331/listings/1152922700026625577/listingassets/3031859041546304516,https://developer.microsoft.com/en-us/dashboard/apps/9NK5LLMF8LHM/submissions/1152921505701586331/listings/1152922700026625575/listingassets/3031859041546304516,https://developer.microsoft.com/en-us/dashboard/apps/9NK5LLMF8LHM/submissions/1152921505701586331/listings/1152922700026625573/listingassets/3031859041546304516,https://developer.microsoft.com/en-us/dashboard/apps/9NK5LLMF8LHM/submissions/1152921505701586331/listings/1152922700026625571/listingassets/3031859041546304516,https://developer.microsoft.com/en-us/dashboard/apps/9NK5LLMF8LHM/submissions/1152921505701586331/listings/1152922700026625550/listingassets/3031859041546304516,https://developer.microsoft.com/en-us/dashboard/apps/9NK5LLMF8LHM/submissions/1152921505701586331/listings/1152922700026625568/listingassets/3031859041546304516,https://developer.microsoft.com/en-us/dashboard/apps/9NK5LLMF8LHM/submissions/1152921505701586331/listings/1152922700026625566/listingassets/3031859041546304516,https://developer.microsoft.com/en-us/dashboard/apps/9NK5LLMF8LHM/submissions/1152921505701586331/listings/1152922700026625564/listingassets/3031859041546304516,https://developer.microsoft.com/en-us/dashboard/apps/9NK5LLMF8LHM/submissions/1152921505701586331/listings/1152922700026625562/listingassets/3031859041546304516,https://developer.microsoft.com/en-us/dashboard/apps/9NK5LLMF8LHM/submissions/1152921505701586331/listings/1152922700026625560/listingassets/3031859041546304516,https://developer.microsoft.com/en-us/dashboard/apps/9NK5LLMF8LHM/submissions/1152921505701586331/listings/1152922700026625552/listingassets/3031859041546304516,https://developer.microsoft.com/en-us/dashboard/apps/9NK5LLMF8LHM/submissions/1152921505701586331/listings/1152922700026625559/listingassets/3031859041546304516,https://developer.microsoft.com/en-us/dashboard/apps/9NK5LLMF8LHM/submissions/1152921505701586331/listings/1152922700026625557/listingassets/3031859041546304516,https://developer.microsoft.com/en-us/dashboard/apps/9NK5LLMF8LHM/submissions/1152921505701586331/listings/1152922700026625555/listingassets/3031859041546304516,https://developer.microsoft.com/en-us/dashboard/apps/9NK5LLMF8LHM/submissions/1152921505701586331/listings/1152922700026625699/listingassets/3031859041546304516,https://developer.microsoft.com/en-us/dashboard/apps/9NK5LLMF8LHM/submissions/1152921505701586331/listings/1152922700026625671/listingassets/3031859041546304516,https://developer.microsoft.com/en-us/dashboard/apps/9NK5LLMF8LHM/submissions/1152921505701586331/listings/1152922700026625673/listingassets/3031859041546304516,https://developer.microsoft.com/en-us/dashboard/apps/9NK5LLMF8LHM/submissions/1152921505701586331/listings/1152922700026625675/listingassets/3031859041546304516,https://developer.microsoft.com/en-us/dashboard/apps/9NK5LLMF8LHM/submissions/1152921505701586331/listings/1152922700026625677/listingassets/3031859041546304516
DesktopScreenshot2,101,相对路径(或指向合作伙伴中心文件的 URL),,https://developer.microsoft.com/en-us/dashboard/apps/9NK5LLMF8LHM/submissions/1152921505701586331/listings/1152922700026547720/listingassets/3037097092103131374,https://developer.microsoft.com/en-us/dashboard/apps/9NK5LLMF8LHM/submissions/1152921505701586331/listings/1152922700026547722/listingassets/3040856861949621174,https://developer.microsoft.com/en-us/dashboard/apps/9NK5LLMF8LHM/submissions/1152921505701586331/listings/1152922700026625343/listingassets/3037097092103131374,https://developer.microsoft.com/en-us/dashboard/apps/9NK5LLMF8LHM/submissions/1152921505701586331/listings/1152922700026625345/listingassets/3037097092103131374,https://developer.microsoft.com/en-us/dashboard/apps/9NK5LLMF8LHM/submissions/1152921505701586331/listings/1152922700026625347/listingassets/3037097092103131374,https://developer.microsoft.com/en-us/dashboard/apps/9NK5LLMF8LHM/submissions/1152921505701586331/listings/1152922700026625349/listingassets/3037097092103131374,https://developer.microsoft.com/en-us/dashboard/apps/9NK5LLMF8LHM/submissions/1152921505701586331/listings/1152922700026625351/listingassets/3037097092103131374,https://developer.microsoft.com/en-us/dashboard/apps/9NK5LLMF8LHM/submissions/1152921505701586331/listings/1152922700026625353/listingassets/3037097092103131374,https://developer.microsoft.com/en-us/dashboard/apps/9NK5LLMF8LHM/submissions/1152921505701586331/listings/1152922700026625355/listingassets/3037097092103131374,https://developer.microsoft.com/en-us/dashboard/apps/9NK5LLMF8LHM/submissions/1152921505701586331/listings/1152922700026625357/listingassets/3037097092103131374,https://developer.microsoft.com/en-us/dashboard/apps/9NK5LLMF8LHM/submissions/1152921505701586331/listings/1152922700026625359/listingassets/3037097092103131374,https://developer.microsoft.com/en-us/dashboard/apps/9NK5LLMF8LHM/submissions/1152921505701586331/listings/1152922700026625361/listingassets/3037097092103131374,https://developer.microsoft.com/en-us/dashboard/apps/9NK5LLMF8LHM/submissions/1152921505701586331/listings/1152922700026625363/listingassets/3037097092103131374,https://developer.microsoft.com/en-us/dashboard/apps/9NK5LLMF8LHM/submissions/1152921505701586331/listings/1152922700026625365/listingassets/3037097092103131374,https://developer.microsoft.com/en-us/dashboard/apps/9NK5LLMF8LHM/submissions/1152921505701586331/listings/1152922700026625367/listingassets/3037097092103131374,https://developer.microsoft.com/en-us/dashboard/apps/9NK5LLMF8LHM/submissions/1152921505701586331/listings/1152922700026625429/listingassets/3037097092103131374,https://developer.microsoft.com/en-us/dashboard/apps/9NK5LLMF8LHM/submissions/1152921505701586331/listings/1152922700026625427/listingassets/3037097092103131374,https://developer.microsoft.com/en-us/dashboard/apps/9NK5LLMF8LHM/submissions/1152921505701586331/listings/1152922700026625425/listingassets/3037097092103131374,https://developer.microsoft.com/en-us/dashboard/apps/9NK5LLMF8LHM/submissions/1152921505701586331/listings/1152922700026625423/listingassets/3037097092103131374,https://developer.microsoft.com/en-us/dashboard/apps/9NK5LLMF8LHM/submissions/1152921505701586331/listings/1152922700026625421/listingassets/3037097092103131374,https://developer.microsoft.com/en-us/dashboard/apps/9NK5LLMF8LHM/submissions/1152921505701586331/listings/1152922700026625419/listingassets/3037097092103131374,https://developer.microsoft.com/en-us/dashboard/apps/9NK5LLMF8LHM/submissions/1152921505701586331/listings/1152922700026625417/listingassets/3037097092103131374,https://developer.microsoft.com/en-us/dashboard/apps/9NK5LLMF8LHM/submissions/1152921505701586331/listings/1152922700026625415/listingassets/3037097092103131374,https://developer.microsoft.com/en-us/dashboard/apps/9NK5LLMF8LHM/submissions/1152921505701586331/listings/1152922700026625401/listingassets/3037097092103131374,https://developer.microsoft.com/en-us/dashboard/apps/9NK5LLMF8LHM/submissions/1152921505701586331/listings/1152922700026625403/listingassets/3037097092103131374,https://developer.microsoft.com/en-us/dashboard/apps/9NK5LLMF8LHM/submissions/1152921505701586331/listings/1152922700026625405/listingassets/3037097092103131374,https://developer.microsoft.com/en-us/dashboard/apps/9NK5LLMF8LHM/submissions/1152921505701586331/listings/1152922700026625407/listingassets/3037097092103131374,https://developer.microsoft.com/en-us/dashboard/apps/9NK5LLMF8LHM/submissions/1152921505701586331/listings/1152922700026625409/listingassets/3037097092103131374,https://developer.microsoft.com/en-us/dashboard/apps/9NK5LLMF8LHM/submissions/1152921505701586331/listings/1152922700026625411/listingassets/3037097092103131374,https://developer.microsoft.com/en-us/dashboard/apps/9NK5LLMF8LHM/submissions/1152921505701586331/listings/1152922700026625413/listingassets/3037097092103131374,https://developer.microsoft.com/en-us/dashboard/apps/9NK5LLMF8LHM/submissions/1152921505701586331/listings/1152922700026625459/listingassets/3037097092103131374,https://developer.microsoft.com/en-us/dashboard/apps/9NK5LLMF8LHM/submissions/1152921505701586331/listings/1152922700026625457/listingassets/3037097092103131374,https://developer.microsoft.com/en-us/dashboard/apps/9NK5LLMF8LHM/submissions/1152921505701586331/listings/1152922700026625455/listingassets/3037097092103131374,https://developer.microsoft.com/en-us/dashboard/apps/9NK5LLMF8LHM/submissions/1152921505701586331/listings/1152922700026625453/listingassets/3037097092103131374,https://developer.microsoft.com/en-us/dashboard/apps/9NK5LLMF8LHM/submissions/1152921505701586331/listings/1152922700026625451/listingassets/3037097092103131374,https://developer.microsoft.com/en-us/dashboard/apps/9NK5LLMF8LHM/submissions/1152921505701586331/listings/1152922700026625449/listingassets/3037097092103131374,https://developer.microsoft.com/en-us/dashboard/apps/9NK5LLMF8LHM/submissions/1152921505701586331/listings/1152922700026625447/listingassets/3037097092103131374,https://developer.microsoft.com/en-us/dashboard/apps/9NK5LLMF8LHM/submissions/1152921505701586331/listings/1152922700026625445/listingassets/3037097092103131374,https://developer.microsoft.com/en-us/dashboard/apps/9NK5LLMF8LHM/submissions/1152921505701586331/listings/1152922700026625443/listingassets/3037097092103131374,https://developer.microsoft.com/en-us/dashboard/apps/9NK5LLMF8LHM/submissions/1152921505701586331/listings/1152922700026625431/listingassets/3037097092103131374,https://developer.microsoft.com/en-us/dashboard/apps/9NK5LLMF8LHM/submissions/1152921505701586331/listings/1152922700026625433/listingassets/3037097092103131374,https://developer.microsoft.com/en-us/dashboard/apps/9NK5LLMF8LHM/submissions/1152921505701586331/listings/1152922700026625435/listingassets/3037097092103131374,https://developer.microsoft.com/en-us/dashboard/apps/9NK5LLMF8LHM/submissions/1152921505701586331/listings/1152922700026625437/listingassets/3037097092103131374,https://developer.microsoft.com/en-us/dashboard/apps/9NK5LLMF8LHM/submissions/1152921505701586331/listings/1152922700026625439/listingassets/3037097092103131374,https://developer.microsoft.com/en-us/dashboard/apps/9NK5LLMF8LHM/submissions/1152921505701586331/listings/1152922700026625441/listingassets/3037097092103131374,https://developer.microsoft.com/en-us/dashboard/apps/9NK5LLMF8LHM/submissions/1152921505701586331/listings/1152922700026625519/listingassets/3037097092103131374,https://developer.microsoft.com/en-us/dashboard/apps/9NK5LLMF8LHM/submissions/1152921505701586331/listings/1152922700026625490/listingassets/3037097092103131374,https://developer.microsoft.com/en-us/dashboard/apps/9NK5LLMF8LHM/submissions/1152921505701586331/listings/1152922700026625517/listingassets/3037097092103131374,https://developer.microsoft.com/en-us/dashboard/apps/9NK5LLMF8LHM/submissions/1152921505701586331/listings/1152922700026625493/listingassets/3037097092103131374,https://developer.microsoft.com/en-us/dashboard/apps/9NK5LLMF8LHM/submissions/1152921505701586331/listings/1152922700026625495/listingassets/3037097092103131374,https://developer.microsoft.com/en-us/dashboard/apps/9NK5LLMF8LHM/submissions/1152921505701586331/listings/1152922700026625497/listingassets/3037097092103131374,https://developer.microsoft.com/en-us/dashboard/apps/9NK5LLMF8LHM/submissions/1152921505701586331/listings/1152922700026625499/listingassets/3037097092103131374,https://developer.microsoft.com/en-us/dashboard/apps/9NK5LLMF8LHM/submissions/1152921505701586331/listings/1152922700026625501/listingassets/3037097092103131374,https://developer.microsoft.com/en-us/dashboard/apps/9NK5LLMF8LHM/submissions/1152921505701586331/listings/1152922700026625503/listingassets/3037097092103131374,https://developer.microsoft.com/en-us/dashboard/apps/9NK5LLMF8LHM/submissions/1152921505701586331/listings/1152922700026625505/listingassets/3037097092103131374,https://developer.microsoft.com/en-us/dashboard/apps/9NK5LLMF8LHM/submissions/1152921505701586331/listings/1152922700026625507/listingassets/3037097092103131374,https://developer.microsoft.com/en-us/dashboard/apps/9NK5LLMF8LHM/submissions/1152921505701586331/listings/1152922700026625509/listingassets/3037097092103131374,https://developer.microsoft.com/en-us/dashboard/apps/9NK5LLMF8LHM/submissions/1152921505701586331/listings/1152922700026625511/listingassets/3037097092103131374,https://developer.microsoft.com/en-us/dashboard/apps/9NK5LLMF8LHM/submissions/1152921505701586331/listings/1152922700026625513/listingassets/3037097092103131374,https://developer.microsoft.com/en-us/dashboard/apps/9NK5LLMF8LHM/submissions/1152921505701586331/listings/1152922700026625515/listingassets/3037097092103131374,https://developer.microsoft.com/en-us/dashboard/apps/9NK5LLMF8LHM/submissions/1152921505701586331/listings/1152922700026625579/listingassets/3037097092103131374,https://developer.microsoft.com/en-us/dashboard/apps/9NK5LLMF8LHM/submissions/1152921505701586331/listings/1152922700026625577/listingassets/3037097092103131374,https://developer.microsoft.com/en-us/dashboard/apps/9NK5LLMF8LHM/submissions/1152921505701586331/listings/1152922700026625575/listingassets/3037097092103131374,https://developer.microsoft.com/en-us/dashboard/apps/9NK5LLMF8LHM/submissions/1152921505701586331/listings/1152922700026625573/listingassets/3037097092103131374,https://developer.microsoft.com/en-us/dashboard/apps/9NK5LLMF8LHM/submissions/1152921505701586331/listings/1152922700026625571/listingassets/3037097092103131374,https://developer.microsoft.com/en-us/dashboard/apps/9NK5LLMF8LHM/submissions/1152921505701586331/listings/1152922700026625550/listingassets/3037097092103131374,https://developer.microsoft.com/en-us/dashboard/apps/9NK5LLMF8LHM/submissions/1152921505701586331/listings/1152922700026625568/listingassets/3037097092103131374,https://developer.microsoft.com/en-us/dashboard/apps/9NK5LLMF8LHM/submissions/1152921505701586331/listings/1152922700026625566/listingassets/3037097092103131374,https://developer.microsoft.com/en-us/dashboard/apps/9NK5LLMF8LHM/submissions/1152921505701586331/listings/1152922700026625564/listingassets/3037097092103131374,https://developer.microsoft.com/en-us/dashboard/apps/9NK5LLMF8LHM/submissions/1152921505701586331/listings/1152922700026625562/listingassets/3037097092103131374,https://developer.microsoft.com/en-us/dashboard/apps/9NK5LLMF8LHM/submissions/1152921505701586331/listings/1152922700026625560/listingassets/3037097092103131374,https://developer.microsoft.com/en-us/dashboard/apps/9NK5LLMF8LHM/submissions/1152921505701586331/listings/1152922700026625552/listingassets/3037097092103131374,https://developer.microsoft.com/en-us/dashboard/apps/9NK5LLMF8LHM/submissions/1152921505701586331/listings/1152922700026625559/listingassets/3037097092103131374,https://developer.microsoft.com/en-us/dashboard/apps/9NK5LLMF8LHM/submissions/1152921505701586331/listings/1152922700026625557/listingassets/3037097092103131374,https://developer.microsoft.com/en-us/dashboard/apps/9NK5LLMF8LHM/submissions/1152921505701586331/listings/1152922700026625555/listingassets/3037097092103131374,https://developer.microsoft.com/en-us/dashboard/apps/9NK5LLMF8LHM/submissions/1152921505701586331/listings/1152922700026625699/listingassets/3037097092103131374,https://developer.microsoft.com/en-us/dashboard/apps/9NK5LLMF8LHM/submissions/1152921505701586331/listings/1152922700026625671/listingassets/3037097092103131374,https://developer.microsoft.com/en-us/dashboard/apps/9NK5LLMF8LHM/submissions/1152921505701586331/listings/1152922700026625673/listingassets/3037097092103131374,https://developer.microsoft.com/en-us/dashboard/apps/9NK5LLMF8LHM/submissions/1152921505701586331/listings/1152922700026625675/listingassets/3037097092103131374,https://developer.microsoft.com/en-us/dashboard/apps/9NK5LLMF8LHM/submissions/1152921505701586331/listings/1152922700026625677/listingassets/3037097092103131374
DesktopScreenshot3,102,相对路径(或指向合作伙伴中心文件的 URL),,https://developer.microsoft.com/en-us/dashboard/apps/9NK5LLMF8LHM/submissions/1152921505701586331/listings/1152922700026547720/listingassets/3047985129056279851,https://developer.microsoft.com/en-us/dashboard/apps/9NK5LLMF8LHM/submissions/1152921505701586331/listings/1152922700026547722/listingassets/3032582627381403683,https://developer.microsoft.com/en-us/dashboard/apps/9NK5LLMF8LHM/submissions/1152921505701586331/listings/1152922700026625343/listingassets/3047985129056279851,https://developer.microsoft.com/en-us/dashboard/apps/9NK5LLMF8LHM/submissions/1152921505701586331/listings/1152922700026625345/listingassets/3047985129056279851,https://developer.microsoft.com/en-us/dashboard/apps/9NK5LLMF8LHM/submissions/1152921505701586331/listings/1152922700026625347/listingassets/3047985129056279851,https://developer.microsoft.com/en-us/dashboard/apps/9NK5LLMF8LHM/submissions/1152921505701586331/listings/1152922700026625349/listingassets/3047985129056279851,https://developer.microsoft.com/en-us/dashboard/apps/9NK5LLMF8LHM/submissions/1152921505701586331/listings/1152922700026625351/listingassets/3047985129056279851,https://developer.microsoft.com/en-us/dashboard/apps/9NK5LLMF8LHM/submissions/1152921505701586331/listings/1152922700026625353/listingassets/3047985129056279851,https://developer.microsoft.com/en-us/dashboard/apps/9NK5LLMF8LHM/submissions/1152921505701586331/listings/1152922700026625355/listingassets/3047985129056279851,https://developer.microsoft.com/en-us/dashboard/apps/9NK5LLMF8LHM/submissions/1152921505701586331/listings/1152922700026625357/listingassets/3047985129056279851,https://developer.microsoft.com/en-us/dashboard/apps/9NK5LLMF8LHM/submissions/1152921505701586331/listings/1152922700026625359/listingassets/3047985129056279851,https://developer.microsoft.com/en-us/dashboard/apps/9NK5LLMF8LHM/submissions/1152921505701586331/listings/1152922700026625361/listingassets/3047985129056279851,https://developer.microsoft.com/en-us/dashboard/apps/9NK5LLMF8LHM/submissions/1152921505701586331/listings/1152922700026625363/listingassets/3047985129056279851,https://developer.microsoft.com/en-us/dashboard/apps/9NK5LLMF8LHM/submissions/1152921505701586331/listings/1152922700026625365/listingassets/3047985129056279851,https://developer.microsoft.com/en-us/dashboard/apps/9NK5LLMF8LHM/submissions/1152921505701586331/listings/1152922700026625367/listingassets/3047985129056279851,https://developer.microsoft.com/en-us/dashboard/apps/9NK5LLMF8LHM/submissions/1152921505701586331/listings/1152922700026625429/listingassets/3047985129056279851,https://developer.microsoft.com/en-us/dashboard/apps/9NK5LLMF8LHM/submissions/1152921505701586331/listings/1152922700026625427/listingassets/3047985129056279851,https://developer.microsoft.com/en-us/dashboard/apps/9NK5LLMF8LHM/submissions/1152921505701586331/listings/1152922700026625425/listingassets/3047985129056279851,https://developer.microsoft.com/en-us/dashboard/apps/9NK5LLMF8LHM/submissions/1152921505701586331/listings/1152922700026625423/listingassets/3047985129056279851,https://developer.microsoft.com/en-us/dashboard/apps/9NK5LLMF8LHM/submissions/1152921505701586331/listings/1152922700026625421/listingassets/3047985129056279851,https://developer.microsoft.com/en-us/dashboard/apps/9NK5LLMF8LHM/submissions/1152921505701586331/listings/1152922700026625419/listingassets/3047985129056279851,https://developer.microsoft.com/en-us/dashboard/apps/9NK5LLMF8LHM/submissions/1152921505701586331/listings/1152922700026625417/listingassets/3047985129056279851,https://developer.microsoft.com/en-us/dashboard/apps/9NK5LLMF8LHM/submissions/1152921505701586331/listings/1152922700026625415/listingassets/3047985129056279851,https://developer.microsoft.com/en-us/dashboard/apps/9NK5LLMF8LHM/submissions/1152921505701586331/listings/1152922700026625401/listingassets/3047985129056279851,https://developer.microsoft.com/en-us/dashboard/apps/9NK5LLMF8LHM/submissions/1152921505701586331/listings/1152922700026625403/listingassets/3047985129056279851,https://developer.microsoft.com/en-us/dashboard/apps/9NK5LLMF8LHM/submissions/1152921505701586331/listings/1152922700026625405/listingassets/3047985129056279851,https://developer.microsoft.com/en-us/dashboard/apps/9NK5LLMF8LHM/submissions/1152921505701586331/listings/1152922700026625407/listingassets/3047985129056279851,https://developer.microsoft.com/en-us/dashboard/apps/9NK5LLMF8LHM/submissions/1152921505701586331/listings/1152922700026625409/listingassets/3047985129056279851,https://developer.microsoft.com/en-us/dashboard/apps/9NK5LLMF8LHM/submissions/1152921505701586331/listings/1152922700026625411/listingassets/3047985129056279851,https://developer.microsoft.com/en-us/dashboard/apps/9NK5LLMF8LHM/submissions/1152921505701586331/listings/1152922700026625413/listingassets/3047985129056279851,https://developer.microsoft.com/en-us/dashboard/apps/9NK5LLMF8LHM/submissions/1152921505701586331/listings/1152922700026625459/listingassets/3047985129056279851,https://developer.microsoft.com/en-us/dashboard/apps/9NK5LLMF8LHM/submissions/1152921505701586331/listings/1152922700026625457/listingassets/3047985129056279851,https://developer.microsoft.com/en-us/dashboard/apps/9NK5LLMF8LHM/submissions/1152921505701586331/listings/1152922700026625455/listingassets/3047985129056279851,https://developer.microsoft.com/en-us/dashboard/apps/9NK5LLMF8LHM/submissions/1152921505701586331/listings/1152922700026625453/listingassets/3047985129056279851,https://developer.microsoft.com/en-us/dashboard/apps/9NK5LLMF8LHM/submissions/1152921505701586331/listings/1152922700026625451/listingassets/3047985129056279851,https://developer.microsoft.com/en-us/dashboard/apps/9NK5LLMF8LHM/submissions/1152921505701586331/listings/1152922700026625449/listingassets/3047985129056279851,https://developer.microsoft.com/en-us/dashboard/apps/9NK5LLMF8LHM/submissions/1152921505701586331/listings/1152922700026625447/listingassets/3047985129056279851,https://developer.microsoft.com/en-us/dashboard/apps/9NK5LLMF8LHM/submissions/1152921505701586331/listings/1152922700026625445/listingassets/3047985129056279851,https://developer.microsoft.com/en-us/dashboard/apps/9NK5LLMF8LHM/submissions/1152921505701586331/listings/1152922700026625443/listingassets/3047985129056279851,https://developer.microsoft.com/en-us/dashboard/apps/9NK5LLMF8LHM/submissions/1152921505701586331/listings/1152922700026625431/listingassets/3047985129056279851,https://developer.microsoft.com/en-us/dashboard/apps/9NK5LLMF8LHM/submissions/1152921505701586331/listings/1152922700026625433/listingassets/3047985129056279851,https://developer.microsoft.com/en-us/dashboard/apps/9NK5LLMF8LHM/submissions/1152921505701586331/listings/1152922700026625435/listingassets/3047985129056279851,https://developer.microsoft.com/en-us/dashboard/apps/9NK5LLMF8LHM/submissions/1152921505701586331/listings/1152922700026625437/listingassets/3047985129056279851,https://developer.microsoft.com/en-us/dashboard/apps/9NK5LLMF8LHM/submissions/1152921505701586331/listings/1152922700026625439/listingassets/3047985129056279851,https://developer.microsoft.com/en-us/dashboard/apps/9NK5LLMF8LHM/submissions/1152921505701586331/listings/1152922700026625441/listingassets/3047985129056279851,https://developer.microsoft.com/en-us/dashboard/apps/9NK5LLMF8LHM/submissions/1152921505701586331/listings/1152922700026625519/listingassets/3047985129056279851,https://developer.microsoft.com/en-us/dashboard/apps/9NK5LLMF8LHM/submissions/1152921505701586331/listings/1152922700026625490/listingassets/3047985129056279851,https://developer.microsoft.com/en-us/dashboard/apps/9NK5LLMF8LHM/submissions/1152921505701586331/listings/1152922700026625517/listingassets/3047985129056279851,https://developer.microsoft.com/en-us/dashboard/apps/9NK5LLMF8LHM/submissions/1152921505701586331/listings/1152922700026625493/listingassets/3047985129056279851,https://developer.microsoft.com/en-us/dashboard/apps/9NK5LLMF8LHM/submissions/1152921505701586331/listings/1152922700026625495/listingassets/3047985129056279851,https://developer.microsoft.com/en-us/dashboard/apps/9NK5LLMF8LHM/submissions/1152921505701586331/listings/1152922700026625497/listingassets/3047985129056279851,https://developer.microsoft.com/en-us/dashboard/apps/9NK5LLMF8LHM/submissions/1152921505701586331/listings/1152922700026625499/listingassets/3047985129056279851,https://developer.microsoft.com/en-us/dashboard/apps/9NK5LLMF8LHM/submissions/1152921505701586331/listings/1152922700026625501/listingassets/3047985129056279851,https://developer.microsoft.com/en-us/dashboard/apps/9NK5LLMF8LHM/submissions/1152921505701586331/listings/1152922700026625503/listingassets/3047985129056279851,https://developer.microsoft.com/en-us/dashboard/apps/9NK5LLMF8LHM/submissions/1152921505701586331/listings/1152922700026625505/listingassets/3047985129056279851,https://developer.microsoft.com/en-us/dashboard/apps/9NK5LLMF8LHM/submissions/1152921505701586331/listings/1152922700026625507/listingassets/3047985129056279851,https://developer.microsoft.com/en-us/dashboard/apps/9NK5LLMF8LHM/submissions/1152921505701586331/listings/1152922700026625509/listingassets/3047985129056279851,https://developer.microsoft.com/en-us/dashboard/apps/9NK5LLMF8LHM/submissions/1152921505701586331/listings/1152922700026625511/listingassets/3047985129056279851,https://developer.microsoft.com/en-us/dashboard/apps/9NK5LLMF8LHM/submissions/1152921505701586331/listings/1152922700026625513/listingassets/3047985129056279851,https://developer.microsoft.com/en-us/dashboard/apps/9NK5LLMF8LHM/submissions/1152921505701586331/listings/1152922700026625515/listingassets/3047985129056279851,https://developer.microsoft.com/en-us/dashboard/apps/9NK5LLMF8LHM/submissions/1152921505701586331/listings/1152922700026625579/listingassets/3047985129056279851,https://developer.microsoft.com/en-us/dashboard/apps/9NK5LLMF8LHM/submissions/1152921505701586331/listings/1152922700026625577/listingassets/3047985129056279851,https://developer.microsoft.com/en-us/dashboard/apps/9NK5LLMF8LHM/submissions/1152921505701586331/listings/1152922700026625575/listingassets/3047985129056279851,https://developer.microsoft.com/en-us/dashboard/apps/9NK5LLMF8LHM/submissions/1152921505701586331/listings/1152922700026625573/listingassets/3047985129056279851,https://developer.microsoft.com/en-us/dashboard/apps/9NK5LLMF8LHM/submissions/1152921505701586331/listings/1152922700026625571/listingassets/3047985129056279851,https://developer.microsoft.com/en-us/dashboard/apps/9NK5LLMF8LHM/submissions/1152921505701586331/listings/1152922700026625550/listingassets/3047985129056279851,https://developer.microsoft.com/en-us/dashboard/apps/9NK5LLMF8LHM/submissions/1152921505701586331/listings/1152922700026625568/listingassets/3047985129056279851,https://developer.microsoft.com/en-us/dashboard/apps/9NK5LLMF8LHM/submissions/1152921505701586331/listings/1152922700026625566/listingassets/3047985129056279851,https://developer.microsoft.com/en-us/dashboard/apps/9NK5LLMF8LHM/submissions/1152921505701586331/listings/1152922700026625564/listingassets/3047985129056279851,https://developer.microsoft.com/en-us/dashboard/apps/9NK5LLMF8LHM/submissions/1152921505701586331/listings/1152922700026625562/listingassets/3047985129056279851,https://developer.microsoft.com/en-us/dashboard/apps/9NK5LLMF8LHM/submissions/1152921505701586331/listings/1152922700026625560/listingassets/3047985129056279851,https://developer.microsoft.com/en-us/dashboard/apps/9NK5LLMF8LHM/submissions/1152921505701586331/listings/1152922700026625552/listingassets/3047985129056279851,https://developer.microsoft.com/en-us/dashboard/apps/9NK5LLMF8LHM/submissions/1152921505701586331/listings/1152922700026625559/listingassets/3047985129056279851,https://developer.microsoft.com/en-us/dashboard/apps/9NK5LLMF8LHM/submissions/1152921505701586331/listings/1152922700026625557/listingassets/3047985129056279851,https://developer.microsoft.com/en-us/dashboard/apps/9NK5LLMF8LHM/submissions/1152921505701586331/listings/1152922700026625555/listingassets/3047985129056279851,https://developer.microsoft.com/en-us/dashboard/apps/9NK5LLMF8LHM/submissions/1152921505701586331/listings/1152922700026625699/listingassets/3047985129056279851,https://developer.microsoft.com/en-us/dashboard/apps/9NK5LLMF8LHM/submissions/1152921505701586331/listings/1152922700026625671/listingassets/3047985129056279851,https://developer.microsoft.com/en-us/dashboard/apps/9NK5LLMF8LHM/submissions/1152921505701586331/listings/1152922700026625673/listingassets/3047985129056279851,https://developer.microsoft.com/en-us/dashboard/apps/9NK5LLMF8LHM/submissions/1152921505701586331/listings/1152922700026625675/listingassets/3047985129056279851,https://developer.microsoft.com/en-us/dashboard/apps/9NK5LLMF8LHM/submissions/1152921505701586331/listings/1152922700026625677/listingassets/3047985129056279851
DesktopScreenshot4,103,相对路径(或指向合作伙伴中心文件的 URL),,https://developer.microsoft.com/en-us/dashboard/apps/9NK5LLMF8LHM/submissions/1152921505701586331/listings/1152922700026547720/listingassets/3058845545550043878,https://developer.microsoft.com/en-us/dashboard/apps/9NK5LLMF8LHM/submissions/1152921505701586331/listings/1152922700026547722/listingassets/3026174753206149950,https://developer.microsoft.com/en-us/dashboard/apps/9NK5LLMF8LHM/submissions/1152921505701586331/listings/1152922700026625343/listingassets/3058845545550043878,https://developer.microsoft.com/en-us/dashboard/apps/9NK5LLMF8LHM/submissions/1152921505701586331/listings/1152922700026625345/listingassets/3058845545550043878,https://developer.microsoft.com/en-us/dashboard/apps/9NK5LLMF8LHM/submissions/1152921505701586331/listings/1152922700026625347/listingassets/3058845545550043878,https://developer.microsoft.com/en-us/dashboard/apps/9NK5LLMF8LHM/submissions/1152921505701586331/listings/1152922700026625349/listingassets/3058845545550043878,https://developer.microsoft.com/en-us/dashboard/apps/9NK5LLMF8LHM/submissions/1152921505701586331/listings/1152922700026625351/listingassets/3058845545550043878,https://developer.microsoft.com/en-us/dashboard/apps/9NK5LLMF8LHM/submissions/1152921505701586331/listings/1152922700026625353/listingassets/3058845545550043878,https://developer.microsoft.com/en-us/dashboard/apps/9NK5LLMF8LHM/submissions/1152921505701586331/listings/1152922700026625355/listingassets/3058845545550043878,https://developer.microsoft.com/en-us/dashboard/apps/9NK5LLMF8LHM/submissions/1152921505701586331/listings/1152922700026625357/listingassets/3058845545550043878,https://developer.microsoft.com/en-us/dashboard/apps/9NK5LLMF8LHM/submissions/1152921505701586331/listings/1152922700026625359/listingassets/3058845545550043878,https://developer.microsoft.com/en-us/dashboard/apps/9NK5LLMF8LHM/submissions/1152921505701586331/listings/1152922700026625361/listingassets/3058845545550043878,https://developer.microsoft.com/en-us/dashboard/apps/9NK5LLMF8LHM/submissions/1152921505701586331/listings/1152922700026625363/listingassets/3058845545550043878,https://developer.microsoft.com/en-us/dashboard/apps/9NK5LLMF8LHM/submissions/1152921505701586331/listings/1152922700026625365/listingassets/3058845545550043878,https://developer.microsoft.com/en-us/dashboard/apps/9NK5LLMF8LHM/submissions/1152921505701586331/listings/1152922700026625367/listingassets/3058845545550043878,https://developer.microsoft.com/en-us/dashboard/apps/9NK5LLMF8LHM/submissions/1152921505701586331/listings/1152922700026625429/listingassets/3058845545550043878,https://developer.microsoft.com/en-us/dashboard/apps/9NK5LLMF8LHM/submissions/1152921505701586331/listings/1152922700026625427/listingassets/3058845545550043878,https://developer.microsoft.com/en-us/dashboard/apps/9NK5LLMF8LHM/submissions/1152921505701586331/listings/1152922700026625425/listingassets/3058845545550043878,https://developer.microsoft.com/en-us/dashboard/apps/9NK5LLMF8LHM/submissions/1152921505701586331/listings/1152922700026625423/listingassets/3058845545550043878,https://developer.microsoft.com/en-us/dashboard/apps/9NK5LLMF8LHM/submissions/1152921505701586331/listings/1152922700026625421/listingassets/3058845545550043878,https://developer.microsoft.com/en-us/dashboard/apps/9NK5LLMF8LHM/submissions/1152921505701586331/listings/1152922700026625419/listingassets/3058845545550043878,https://developer.microsoft.com/en-us/dashboard/apps/9NK5LLMF8LHM/submissions/1152921505701586331/listings/1152922700026625417/listingassets/3058845545550043878,https://developer.microsoft.com/en-us/dashboard/apps/9NK5LLMF8LHM/submissions/1152921505701586331/listings/1152922700026625415/listingassets/3058845545550043878,https://developer.microsoft.com/en-us/dashboard/apps/9NK5LLMF8LHM/submissions/1152921505701586331/listings/1152922700026625401/listingassets/3058845545550043878,https://developer.microsoft.com/en-us/dashboard/apps/9NK5LLMF8LHM/submissions/1152921505701586331/listings/1152922700026625403/listingassets/3058845545550043878,https://developer.microsoft.com/en-us/dashboard/apps/9NK5LLMF8LHM/submissions/1152921505701586331/listings/1152922700026625405/listingassets/3058845545550043878,https://developer.microsoft.com/en-us/dashboard/apps/9NK5LLMF8LHM/submissions/1152921505701586331/listings/1152922700026625407/listingassets/3058845545550043878,https://developer.microsoft.com/en-us/dashboard/apps/9NK5LLMF8LHM/submissions/1152921505701586331/listings/1152922700026625409/listingassets/3058845545550043878,https://developer.microsoft.com/en-us/dashboard/apps/9NK5LLMF8LHM/submissions/1152921505701586331/listings/1152922700026625411/listingassets/3058845545550043878,https://developer.microsoft.com/en-us/dashboard/apps/9NK5LLMF8LHM/submissions/1152921505701586331/listings/1152922700026625413/listingassets/3058845545550043878,https://developer.microsoft.com/en-us/dashboard/apps/9NK5LLMF8LHM/submissions/1152921505701586331/listings/1152922700026625459/listingassets/3058845545550043878,https://developer.microsoft.com/en-us/dashboard/apps/9NK5LLMF8LHM/submissions/1152921505701586331/listings/1152922700026625457/listingassets/3058845545550043878,https://developer.microsoft.com/en-us/dashboard/apps/9NK5LLMF8LHM/submissions/1152921505701586331/listings/1152922700026625455/listingassets/3058845545550043878,https://developer.microsoft.com/en-us/dashboard/apps/9NK5LLMF8LHM/submissions/1152921505701586331/listings/1152922700026625453/listingassets/3058845545550043878,https://developer.microsoft.com/en-us/dashboard/apps/9NK5LLMF8LHM/submissions/1152921505701586331/listings/1152922700026625451/listingassets/3058845545550043878,https://developer.microsoft.com/en-us/dashboard/apps/9NK5LLMF8LHM/submissions/1152921505701586331/listings/1152922700026625449/listingassets/3058845545550043878,https://developer.microsoft.com/en-us/dashboard/apps/9NK5LLMF8LHM/submissions/1152921505701586331/listings/1152922700026625447/listingassets/3058845545550043878,https://developer.microsoft.com/en-us/dashboard/apps/9NK5LLMF8LHM/submissions/1152921505701586331/listings/1152922700026625445/listingassets/3058845545550043878,https://developer.microsoft.com/en-us/dashboard/apps/9NK5LLMF8LHM/submissions/1152921505701586331/listings/1152922700026625443/listingassets/3058845545550043878,https://developer.microsoft.com/en-us/dashboard/apps/9NK5LLMF8LHM/submissions/1152921505701586331/listings/1152922700026625431/listingassets/3058845545550043878,https://developer.microsoft.com/en-us/dashboard/apps/9NK5LLMF8LHM/submissions/1152921505701586331/listings/1152922700026625433/listingassets/3058845545550043878,https://developer.microsoft.com/en-us/dashboard/apps/9NK5LLMF8LHM/submissions/1152921505701586331/listings/1152922700026625435/listingassets/3058845545550043878,https://developer.microsoft.com/en-us/dashboard/apps/9NK5LLMF8LHM/submissions/1152921505701586331/listings/1152922700026625437/listingassets/3058845545550043878,https://developer.microsoft.com/en-us/dashboard/apps/9NK5LLMF8LHM/submissions/1152921505701586331/listings/1152922700026625439/listingassets/3058845545550043878,https://developer.microsoft.com/en-us/dashboard/apps/9NK5LLMF8LHM/submissions/1152921505701586331/listings/1152922700026625441/listingassets/3058845545550043878,https://developer.microsoft.com/en-us/dashboard/apps/9NK5LLMF8LHM/submissions/1152921505701586331/listings/1152922700026625519/listingassets/3058845545550043878,https://developer.microsoft.com/en-us/dashboard/apps/9NK5LLMF8LHM/submissions/1152921505701586331/listings/1152922700026625490/listingassets/3058845545550043878,https://developer.microsoft.com/en-us/dashboard/apps/9NK5LLMF8LHM/submissions/1152921505701586331/listings/1152922700026625517/listingassets/3058845545550043878,https://developer.microsoft.com/en-us/dashboard/apps/9NK5LLMF8LHM/submissions/1152921505701586331/listings/1152922700026625493/listingassets/3058845545550043878,https://developer.microsoft.com/en-us/dashboard/apps/9NK5LLMF8LHM/submissions/1152921505701586331/listings/1152922700026625495/listingassets/3058845545550043878,https://developer.microsoft.com/en-us/dashboard/apps/9NK5LLMF8LHM/submissions/1152921505701586331/listings/1152922700026625497/listingassets/3058845545550043878,https://developer.microsoft.com/en-us/dashboard/apps/9NK5LLMF8LHM/submissions/1152921505701586331/listings/1152922700026625499/listingassets/3058845545550043878,https://developer.microsoft.com/en-us/dashboard/apps/9NK5LLMF8LHM/submissions/1152921505701586331/listings/1152922700026625501/listingassets/3058845545550043878,https://developer.microsoft.com/en-us/dashboard/apps/9NK5LLMF8LHM/submissions/1152921505701586331/listings/1152922700026625503/listingassets/3058845545550043878,https://developer.microsoft.com/en-us/dashboard/apps/9NK5LLMF8LHM/submissions/1152921505701586331/listings/1152922700026625505/listingassets/3058845545550043878,https://developer.microsoft.com/en-us/dashboard/apps/9NK5LLMF8LHM/submissions/1152921505701586331/listings/1152922700026625507/listingassets/3058845545550043878,https://developer.microsoft.com/en-us/dashboard/apps/9NK5LLMF8LHM/submissions/1152921505701586331/listings/1152922700026625509/listingassets/3058845545550043878,https://developer.microsoft.com/en-us/dashboard/apps/9NK5LLMF8LHM/submissions/1152921505701586331/listings/1152922700026625511/listingassets/3058845545550043878,https://developer.microsoft.com/en-us/dashboard/apps/9NK5LLMF8LHM/submissions/1152921505701586331/listings/1152922700026625513/listingassets/3058845545550043878,https://developer.microsoft.com/en-us/dashboard/apps/9NK5LLMF8LHM/submissions/1152921505701586331/listings/1152922700026625515/listingassets/3058845545550043878,https://developer.microsoft.com/en-us/dashboard/apps/9NK5LLMF8LHM/submissions/1152921505701586331/listings/1152922700026625579/listingassets/3058845545550043878,https://developer.microsoft.com/en-us/dashboard/apps/9NK5LLMF8LHM/submissions/1152921505701586331/listings/1152922700026625577/listingassets/3058845545550043878,https://developer.microsoft.com/en-us/dashboard/apps/9NK5LLMF8LHM/submissions/1152921505701586331/listings/1152922700026625575/listingassets/3058845545550043878,https://developer.microsoft.com/en-us/dashboard/apps/9NK5LLMF8LHM/submissions/1152921505701586331/listings/1152922700026625573/listingassets/3058845545550043878,https://developer.microsoft.com/en-us/dashboard/apps/9NK5LLMF8LHM/submissions/1152921505701586331/listings/1152922700026625571/listingassets/3058845545550043878,https://developer.microsoft.com/en-us/dashboard/apps/9NK5LLMF8LHM/submissions/1152921505701586331/listings/1152922700026625550/listingassets/3058845545550043878,https://developer.microsoft.com/en-us/dashboard/apps/9NK5LLMF8LHM/submissions/1152921505701586331/listings/1152922700026625568/listingassets/3058845545550043878,https://developer.microsoft.com/en-us/dashboard/apps/9NK5LLMF8LHM/submissions/1152921505701586331/listings/1152922700026625566/listingassets/3058845545550043878,https://developer.microsoft.com/en-us/dashboard/apps/9NK5LLMF8LHM/submissions/1152921505701586331/listings/1152922700026625564/listingassets/3058845545550043878,https://developer.microsoft.com/en-us/dashboard/apps/9NK5LLMF8LHM/submissions/1152921505701586331/listings/1152922700026625562/listingassets/3058845545550043878,https://developer.microsoft.com/en-us/dashboard/apps/9NK5LLMF8LHM/submissions/1152921505701586331/listings/1152922700026625560/listingassets/3058845545550043878,https://developer.microsoft.com/en-us/dashboard/apps/9NK5LLMF8LHM/submissions/1152921505701586331/listings/1152922700026625552/listingassets/3058845545550043878,https://developer.microsoft.com/en-us/dashboard/apps/9NK5LLMF8LHM/submissions/1152921505701586331/listings/1152922700026625559/listingassets/3058845545550043878,https://developer.microsoft.com/en-us/dashboard/apps/9NK5LLMF8LHM/submissions/1152921505701586331/listings/1152922700026625557/listingassets/3058845545550043878,https://developer.microsoft.com/en-us/dashboard/apps/9NK5LLMF8LHM/submissions/1152921505701586331/listings/1152922700026625555/listingassets/3058845545550043878,https://developer.microsoft.com/en-us/dashboard/apps/9NK5LLMF8LHM/submissions/1152921505701586331/listings/1152922700026625699/listingassets/3058845545550043878,https://developer.microsoft.com/en-us/dashboard/apps/9NK5LLMF8LHM/submissions/1152921505701586331/listings/1152922700026625671/listingassets/3058845545550043878,https://developer.microsoft.com/en-us/dashboard/apps/9NK5LLMF8LHM/submissions/1152921505701586331/listings/1152922700026625673/listingassets/3058845545550043878,https://developer.microsoft.com/en-us/dashboard/apps/9NK5LLMF8LHM/submissions/1152921505701586331/listings/1152922700026625675/listingassets/3058845545550043878,https://developer.microsoft.com/en-us/dashboard/apps/9NK5LLMF8LHM/submissions/1152921505701586331/listings/1152922700026625677/listingassets/3058845545550043878
DesktopScreenshot5,104,相对路径(或指向合作伙伴中心文件的 URL),,,,,,,,,,,,,,,,,,,,,,,,,,,,,,,,,,,,,,,,,,,,,,,,,,,,,,,,,,,,,,,,,,,,,,,,,,,,,,,,,
DesktopScreenshot6,105,相对路径(或指向合作伙伴中心文件的 URL),,,,,,,,,,,,,,,,,,,,,,,,,,,,,,,,,,,,,,,,,,,,,,,,,,,,,,,,,,,,,,,,,,,,,,,,,,,,,,,,,
DesktopScreenshot7,106,相对路径(或指向合作伙伴中心文件的 URL),,,,,,,,,,,,,,,,,,,,,,,,,,,,,,,,,,,,,,,,,,,,,,,,,,,,,,,,,,,,,,,,,,,,,,,,,,,,,,,,,
DesktopScreenshot8,107,相对路径(或指向合作伙伴中心文件的 URL),,,,,,,,,,,,,,,,,,,,,,,,,,,,,,,,,,,,,,,,,,,,,,,,,,,,,,,,,,,,,,,,,,,,,,,,,,,,,,,,,
DesktopScreenshot9,108,相对路径(或指向合作伙伴中心文件的 URL),,,,,,,,,,,,,,,,,,,,,,,,,,,,,,,,,,,,,,,,,,,,,,,,,,,,,,,,,,,,,,,,,,,,,,,,,,,,,,,,,
DesktopScreenshot10,109,相对路径(或指向合作伙伴中心文件的 URL),,,,,,,,,,,,,,,,,,,,,,,,,,,,,,,,,,,,,,,,,,,,,,,,,,,,,,,,,,,,,,,,,,,,,,,,,,,,,,,,,
DesktopScreenshot11,110,相对路径(或指向合作伙伴中心文件的 URL),,,,,,,,,,,,,,,,,,,,,,,,,,,,,,,,,,,,,,,,,,,,,,,,,,,,,,,,,,,,,,,,,,,,,,,,,,,,,,,,,
DesktopScreenshot12,111,相对路径(或指向合作伙伴中心文件的 URL),,,,,,,,,,,,,,,,,,,,,,,,,,,,,,,,,,,,,,,,,,,,,,,,,,,,,,,,,,,,,,,,,,,,,,,,,,,,,,,,,
DesktopScreenshot13,112,相对路径(或指向合作伙伴中心文件的 URL),,,,,,,,,,,,,,,,,,,,,,,,,,,,,,,,,,,,,,,,,,,,,,,,,,,,,,,,,,,,,,,,,,,,,,,,,,,,,,,,,
DesktopScreenshot14,113,相对路径(或指向合作伙伴中心文件的 URL),,,,,,,,,,,,,,,,,,,,,,,,,,,,,,,,,,,,,,,,,,,,,,,,,,,,,,,,,,,,,,,,,,,,,,,,,,,,,,,,,
DesktopScreenshot15,114,相对路径(或指向合作伙伴中心文件的 URL),,,,,,,,,,,,,,,,,,,,,,,,,,,,,,,,,,,,,,,,,,,,,,,,,,,,,,,,,,,,,,,,,,,,,,,,,,,,,,,,,
DesktopScreenshot16,115,相对路径(或指向合作伙伴中心文件的 URL),,,,,,,,,,,,,,,,,,,,,,,,,,,,,,,,,,,,,,,,,,,,,,,,,,,,,,,,,,,,,,,,,,,,,,,,,,,,,,,,,
DesktopScreenshot17,116,相对路径(或指向合作伙伴中心文件的 URL),,,,,,,,,,,,,,,,,,,,,,,,,,,,,,,,,,,,,,,,,,,,,,,,,,,,,,,,,,,,,,,,,,,,,,,,,,,,,,,,,
DesktopScreenshot18,117,相对路径(或指向合作伙伴中心文件的 URL),,,,,,,,,,,,,,,,,,,,,,,,,,,,,,,,,,,,,,,,,,,,,,,,,,,,,,,,,,,,,,,,,,,,,,,,,,,,,,,,,
DesktopScreenshot19,118,相对路径(或指向合作伙伴中心文件的 URL),,,,,,,,,,,,,,,,,,,,,,,,,,,,,,,,,,,,,,,,,,,,,,,,,,,,,,,,,,,,,,,,,,,,,,,,,,,,,,,,,
DesktopScreenshot20,119,相对路径(或指向合作伙伴中心文件的 URL),,,,,,,,,,,,,,,,,,,,,,,,,,,,,,,,,,,,,,,,,,,,,,,,,,,,,,,,,,,,,,,,,,,,,,,,,,,,,,,,,
DesktopScreenshot21,120,相对路径(或指向合作伙伴中心文件的 URL),,,,,,,,,,,,,,,,,,,,,,,,,,,,,,,,,,,,,,,,,,,,,,,,,,,,,,,,,,,,,,,,,,,,,,,,,,,,,,,,,
DesktopScreenshot22,121,相对路径(或指向合作伙伴中心文件的 URL),,,,,,,,,,,,,,,,,,,,,,,,,,,,,,,,,,,,,,,,,,,,,,,,,,,,,,,,,,,,,,,,,,,,,,,,,,,,,,,,,
DesktopScreenshot23,122,相对路径(或指向合作伙伴中心文件的 URL),,,,,,,,,,,,,,,,,,,,,,,,,,,,,,,,,,,,,,,,,,,,,,,,,,,,,,,,,,,,,,,,,,,,,,,,,,,,,,,,,
DesktopScreenshot24,123,相对路径(或指向合作伙伴中心文件的 URL),,,,,,,,,,,,,,,,,,,,,,,,,,,,,,,,,,,,,,,,,,,,,,,,,,,,,,,,,,,,,,,,,,,,,,,,,,,,,,,,,
DesktopScreenshot25,124,相对路径(或指向合作伙伴中心文件的 URL),,,,,,,,,,,,,,,,,,,,,,,,,,,,,,,,,,,,,,,,,,,,,,,,,,,,,,,,,,,,,,,,,,,,,,,,,,,,,,,,,
DesktopScreenshot26,125,相对路径(或指向合作伙伴中心文件的 URL),,,,,,,,,,,,,,,,,,,,,,,,,,,,,,,,,,,,,,,,,,,,,,,,,,,,,,,,,,,,,,,,,,,,,,,,,,,,,,,,,
DesktopScreenshot27,126,相对路径(或指向合作伙伴中心文件的 URL),,,,,,,,,,,,,,,,,,,,,,,,,,,,,,,,,,,,,,,,,,,,,,,,,,,,,,,,,,,,,,,,,,,,,,,,,,,,,,,,,
DesktopScreenshot28,127,相对路径(或指向合作伙伴中心文件的 URL),,,,,,,,,,,,,,,,,,,,,,,,,,,,,,,,,,,,,,,,,,,,,,,,,,,,,,,,,,,,,,,,,,,,,,,,,,,,,,,,,
DesktopScreenshot29,128,相对路径(或指向合作伙伴中心文件的 URL),,,,,,,,,,,,,,,,,,,,,,,,,,,,,,,,,,,,,,,,,,,,,,,,,,,,,,,,,,,,,,,,,,,,,,,,,,,,,,,,,
DesktopScreenshot30,129,相对路径(或指向合作伙伴中心文件的 URL),,,,,,,,,,,,,,,,,,,,,,,,,,,,,,,,,,,,,,,,,,,,,,,,,,,,,,,,,,,,,,,,,,,,,,,,,,,,,,,,,
DesktopScreenshotCaption1,150,文本,,,,,,,,,,,,,,,,,,,,,,,,,,,,,,,,,,,,,,,,,,,,,,,,,,,,,,,,,,,,,,,,,,,,,,,,,,,,,,,,,
DesktopScreenshotCaption2,151,文本,,,,,,,,,,,,,,,,,,,,,,,,,,,,,,,,,,,,,,,,,,,,,,,,,,,,,,,,,,,,,,,,,,,,,,,,,,,,,,,,,
DesktopScreenshotCaption3,152,文本,,,,,,,,,,,,,,,,,,,,,,,,,,,,,,,,,,,,,,,,,,,,,,,,,,,,,,,,,,,,,,,,,,,,,,,,,,,,,,,,,
DesktopScreenshotCaption4,153,文本,,,,,,,,,,,,,,,,,,,,,,,,,,,,,,,,,,,,,,,,,,,,,,,,,,,,,,,,,,,,,,,,,,,,,,,,,,,,,,,,,
DesktopScreenshotCaption5,154,文本,,,,,,,,,,,,,,,,,,,,,,,,,,,,,,,,,,,,,,,,,,,,,,,,,,,,,,,,,,,,,,,,,,,,,,,,,,,,,,,,,
DesktopScreenshotCaption6,155,文本,,,,,,,,,,,,,,,,,,,,,,,,,,,,,,,,,,,,,,,,,,,,,,,,,,,,,,,,,,,,,,,,,,,,,,,,,,,,,,,,,
DesktopScreenshotCaption7,156,文本,,,,,,,,,,,,,,,,,,,,,,,,,,,,,,,,,,,,,,,,,,,,,,,,,,,,,,,,,,,,,,,,,,,,,,,,,,,,,,,,,
DesktopScreenshotCaption8,157,文本,,,,,,,,,,,,,,,,,,,,,,,,,,,,,,,,,,,,,,,,,,,,,,,,,,,,,,,,,,,,,,,,,,,,,,,,,,,,,,,,,
DesktopScreenshotCaption9,158,文本,,,,,,,,,,,,,,,,,,,,,,,,,,,,,,,,,,,,,,,,,,,,,,,,,,,,,,,,,,,,,,,,,,,,,,,,,,,,,,,,,
DesktopScreenshotCaption10,159,文本,,,,,,,,,,,,,,,,,,,,,,,,,,,,,,,,,,,,,,,,,,,,,,,,,,,,,,,,,,,,,,,,,,,,,,,,,,,,,,,,,
DesktopScreenshotCaption11,160,文本,,,,,,,,,,,,,,,,,,,,,,,,,,,,,,,,,,,,,,,,,,,,,,,,,,,,,,,,,,,,,,,,,,,,,,,,,,,,,,,,,
DesktopScreenshotCaption12,161,文本,,,,,,,,,,,,,,,,,,,,,,,,,,,,,,,,,,,,,,,,,,,,,,,,,,,,,,,,,,,,,,,,,,,,,,,,,,,,,,,,,
DesktopScreenshotCaption13,162,文本,,,,,,,,,,,,,,,,,,,,,,,,,,,,,,,,,,,,,,,,,,,,,,,,,,,,,,,,,,,,,,,,,,,,,,,,,,,,,,,,,
DesktopScreenshotCaption14,163,文本,,,,,,,,,,,,,,,,,,,,,,,,,,,,,,,,,,,,,,,,,,,,,,,,,,,,,,,,,,,,,,,,,,,,,,,,,,,,,,,,,
DesktopScreenshotCaption15,164,文本,,,,,,,,,,,,,,,,,,,,,,,,,,,,,,,,,,,,,,,,,,,,,,,,,,,,,,,,,,,,,,,,,,,,,,,,,,,,,,,,,
DesktopScreenshotCaption16,165,文本,,,,,,,,,,,,,,,,,,,,,,,,,,,,,,,,,,,,,,,,,,,,,,,,,,,,,,,,,,,,,,,,,,,,,,,,,,,,,,,,,
DesktopScreenshotCaption17,166,文本,,,,,,,,,,,,,,,,,,,,,,,,,,,,,,,,,,,,,,,,,,,,,,,,,,,,,,,,,,,,,,,,,,,,,,,,,,,,,,,,,
DesktopScreenshotCaption18,167,文本,,,,,,,,,,,,,,,,,,,,,,,,,,,,,,,,,,,,,,,,,,,,,,,,,,,,,,,,,,,,,,,,,,,,,,,,,,,,,,,,,
DesktopScreenshotCaption19,168,文本,,,,,,,,,,,,,,,,,,,,,,,,,,,,,,,,,,,,,,,,,,,,,,,,,,,,,,,,,,,,,,,,,,,,,,,,,,,,,,,,,
DesktopScreenshotCaption20,169,文本,,,,,,,,,,,,,,,,,,,,,,,,,,,,,,,,,,,,,,,,,,,,,,,,,,,,,,,,,,,,,,,,,,,,,,,,,,,,,,,,,
DesktopScreenshotCaption21,170,文本,,,,,,,,,,,,,,,,,,,,,,,,,,,,,,,,,,,,,,,,,,,,,,,,,,,,,,,,,,,,,,,,,,,,,,,,,,,,,,,,,
DesktopScreenshotCaption22,171,文本,,,,,,,,,,,,,,,,,,,,,,,,,,,,,,,,,,,,,,,,,,,,,,,,,,,,,,,,,,,,,,,,,,,,,,,,,,,,,,,,,
DesktopScreenshotCaption23,172,文本,,,,,,,,,,,,,,,,,,,,,,,,,,,,,,,,,,,,,,,,,,,,,,,,,,,,,,,,,,,,,,,,,,,,,,,,,,,,,,,,,
DesktopScreenshotCaption24,173,文本,,,,,,,,,,,,,,,,,,,,,,,,,,,,,,,,,,,,,,,,,,,,,,,,,,,,,,,,,,,,,,,,,,,,,,,,,,,,,,,,,
DesktopScreenshotCaption25,174,文本,,,,,,,,,,,,,,,,,,,,,,,,,,,,,,,,,,,,,,,,,,,,,,,,,,,,,,,,,,,,,,,,,,,,,,,,,,,,,,,,,
DesktopScreenshotCaption26,175,文本,,,,,,,,,,,,,,,,,,,,,,,,,,,,,,,,,,,,,,,,,,,,,,,,,,,,,,,,,,,,,,,,,,,,,,,,,,,,,,,,,
DesktopScreenshotCaption27,176,文本,,,,,,,,,,,,,,,,,,,,,,,,,,,,,,,,,,,,,,,,,,,,,,,,,,,,,,,,,,,,,,,,,,,,,,,,,,,,,,,,,
DesktopScreenshotCaption28,177,文本,,,,,,,,,,,,,,,,,,,,,,,,,,,,,,,,,,,,,,,,,,,,,,,,,,,,,,,,,,,,,,,,,,,,,,,,,,,,,,,,,
DesktopScreenshotCaption29,178,文本,,,,,,,,,,,,,,,,,,,,,,,,,,,,,,,,,,,,,,,,,,,,,,,,,,,,,,,,,,,,,,,,,,,,,,,,,,,,,,,,,
DesktopScreenshotCaption30,179,文本,,,,,,,,,,,,,,,,,,,,,,,,,,,,,,,,,,,,,,,,,,,,,,,,,,,,,,,,,,,,,,,,,,,,,,,,,,,,,,,,,
MobileScreenshot1,200,相对路径(或指向合作伙伴中心文件的 URL),,,,,,,,,,,,,,,,,,,,,,,,,,,,,,,,,,,,,,,,,,,,,,,,,,,,,,,,,,,,,,,,,,,,,,,,,,,,,,,,,
MobileScreenshot2,201,相对路径(或指向合作伙伴中心文件的 URL),,,,,,,,,,,,,,,,,,,,,,,,,,,,,,,,,,,,,,,,,,,,,,,,,,,,,,,,,,,,,,,,,,,,,,,,,,,,,,,,,
MobileScreenshot3,202,相对路径(或指向合作伙伴中心文件的 URL),,,,,,,,,,,,,,,,,,,,,,,,,,,,,,,,,,,,,,,,,,,,,,,,,,,,,,,,,,,,,,,,,,,,,,,,,,,,,,,,,
MobileScreenshot4,203,相对路径(或指向合作伙伴中心文件的 URL),,,,,,,,,,,,,,,,,,,,,,,,,,,,,,,,,,,,,,,,,,,,,,,,,,,,,,,,,,,,,,,,,,,,,,,,,,,,,,,,,
MobileScreenshot5,204,相对路径(或指向合作伙伴中心文件的 URL),,,,,,,,,,,,,,,,,,,,,,,,,,,,,,,,,,,,,,,,,,,,,,,,,,,,,,,,,,,,,,,,,,,,,,,,,,,,,,,,,
MobileScreenshot6,205,相对路径(或指向合作伙伴中心文件的 URL),,,,,,,,,,,,,,,,,,,,,,,,,,,,,,,,,,,,,,,,,,,,,,,,,,,,,,,,,,,,,,,,,,,,,,,,,,,,,,,,,
MobileScreenshot7,206,相对路径(或指向合作伙伴中心文件的 URL),,,,,,,,,,,,,,,,,,,,,,,,,,,,,,,,,,,,,,,,,,,,,,,,,,,,,,,,,,,,,,,,,,,,,,,,,,,,,,,,,
MobileScreenshot8,207,相对路径(或指向合作伙伴中心文件的 URL),,,,,,,,,,,,,,,,,,,,,,,,,,,,,,,,,,,,,,,,,,,,,,,,,,,,,,,,,,,,,,,,,,,,,,,,,,,,,,,,,
MobileScreenshot9,208,相对路径(或指向合作伙伴中心文件的 URL),,,,,,,,,,,,,,,,,,,,,,,,,,,,,,,,,,,,,,,,,,,,,,,,,,,,,,,,,,,,,,,,,,,,,,,,,,,,,,,,,
MobileScreenshot10,209,相对路径(或指向合作伙伴中心文件的 URL),,,,,,,,,,,,,,,,,,,,,,,,,,,,,,,,,,,,,,,,,,,,,,,,,,,,,,,,,,,,,,,,,,,,,,,,,,,,,,,,,
MobileScreenshot11,210,相对路径(或指向合作伙伴中心文件的 URL),,,,,,,,,,,,,,,,,,,,,,,,,,,,,,,,,,,,,,,,,,,,,,,,,,,,,,,,,,,,,,,,,,,,,,,,,,,,,,,,,
MobileScreenshot12,211,相对路径(或指向合作伙伴中心文件的 URL),,,,,,,,,,,,,,,,,,,,,,,,,,,,,,,,,,,,,,,,,,,,,,,,,,,,,,,,,,,,,,,,,,,,,,,,,,,,,,,,,
MobileScreenshot13,212,相对路径(或指向合作伙伴中心文件的 URL),,,,,,,,,,,,,,,,,,,,,,,,,,,,,,,,,,,,,,,,,,,,,,,,,,,,,,,,,,,,,,,,,,,,,,,,,,,,,,,,,
MobileScreenshot14,213,相对路径(或指向合作伙伴中心文件的 URL),,,,,,,,,,,,,,,,,,,,,,,,,,,,,,,,,,,,,,,,,,,,,,,,,,,,,,,,,,,,,,,,,,,,,,,,,,,,,,,,,
MobileScreenshot15,214,相对路径(或指向合作伙伴中心文件的 URL),,,,,,,,,,,,,,,,,,,,,,,,,,,,,,,,,,,,,,,,,,,,,,,,,,,,,,,,,,,,,,,,,,,,,,,,,,,,,,,,,
MobileScreenshot16,215,相对路径(或指向合作伙伴中心文件的 URL),,,,,,,,,,,,,,,,,,,,,,,,,,,,,,,,,,,,,,,,,,,,,,,,,,,,,,,,,,,,,,,,,,,,,,,,,,,,,,,,,
MobileScreenshot17,216,相对路径(或指向合作伙伴中心文件的 URL),,,,,,,,,,,,,,,,,,,,,,,,,,,,,,,,,,,,,,,,,,,,,,,,,,,,,,,,,,,,,,,,,,,,,,,,,,,,,,,,,
MobileScreenshot18,217,相对路径(或指向合作伙伴中心文件的 URL),,,,,,,,,,,,,,,,,,,,,,,,,,,,,,,,,,,,,,,,,,,,,,,,,,,,,,,,,,,,,,,,,,,,,,,,,,,,,,,,,
MobileScreenshot19,218,相对路径(或指向合作伙伴中心文件的 URL),,,,,,,,,,,,,,,,,,,,,,,,,,,,,,,,,,,,,,,,,,,,,,,,,,,,,,,,,,,,,,,,,,,,,,,,,,,,,,,,,
MobileScreenshot20,219,相对路径(或指向合作伙伴中心文件的 URL),,,,,,,,,,,,,,,,,,,,,,,,,,,,,,,,,,,,,,,,,,,,,,,,,,,,,,,,,,,,,,,,,,,,,,,,,,,,,,,,,
MobileScreenshot21,220,相对路径(或指向合作伙伴中心文件的 URL),,,,,,,,,,,,,,,,,,,,,,,,,,,,,,,,,,,,,,,,,,,,,,,,,,,,,,,,,,,,,,,,,,,,,,,,,,,,,,,,,
MobileScreenshot22,221,相对路径(或指向合作伙伴中心文件的 URL),,,,,,,,,,,,,,,,,,,,,,,,,,,,,,,,,,,,,,,,,,,,,,,,,,,,,,,,,,,,,,,,,,,,,,,,,,,,,,,,,
MobileScreenshot23,222,相对路径(或指向合作伙伴中心文件的 URL),,,,,,,,,,,,,,,,,,,,,,,,,,,,,,,,,,,,,,,,,,,,,,,,,,,,,,,,,,,,,,,,,,,,,,,,,,,,,,,,,
MobileScreenshot24,223,相对路径(或指向合作伙伴中心文件的 URL),,,,,,,,,,,,,,,,,,,,,,,,,,,,,,,,,,,,,,,,,,,,,,,,,,,,,,,,,,,,,,,,,,,,,,,,,,,,,,,,,
MobileScreenshot25,224,相对路径(或指向合作伙伴中心文件的 URL),,,,,,,,,,,,,,,,,,,,,,,,,,,,,,,,,,,,,,,,,,,,,,,,,,,,,,,,,,,,,,,,,,,,,,,,,,,,,,,,,
MobileScreenshot26,225,相对路径(或指向合作伙伴中心文件的 URL),,,,,,,,,,,,,,,,,,,,,,,,,,,,,,,,,,,,,,,,,,,,,,,,,,,,,,,,,,,,,,,,,,,,,,,,,,,,,,,,,
MobileScreenshot27,226,相对路径(或指向合作伙伴中心文件的 URL),,,,,,,,,,,,,,,,,,,,,,,,,,,,,,,,,,,,,,,,,,,,,,,,,,,,,,,,,,,,,,,,,,,,,,,,,,,,,,,,,
MobileScreenshot28,227,相对路径(或指向合作伙伴中心文件的 URL),,,,,,,,,,,,,,,,,,,,,,,,,,,,,,,,,,,,,,,,,,,,,,,,,,,,,,,,,,,,,,,,,,,,,,,,,,,,,,,,,
MobileScreenshot29,228,相对路径(或指向合作伙伴中心文件的 URL),,,,,,,,,,,,,,,,,,,,,,,,,,,,,,,,,,,,,,,,,,,,,,,,,,,,,,,,,,,,,,,,,,,,,,,,,,,,,,,,,
MobileScreenshot30,229,相对路径(或指向合作伙伴中心文件的 URL),,,,,,,,,,,,,,,,,,,,,,,,,,,,,,,,,,,,,,,,,,,,,,,,,,,,,,,,,,,,,,,,,,,,,,,,,,,,,,,,,
MobileScreenshotCaption1,250,文本,,,,,,,,,,,,,,,,,,,,,,,,,,,,,,,,,,,,,,,,,,,,,,,,,,,,,,,,,,,,,,,,,,,,,,,,,,,,,,,,,
MobileScreenshotCaption2,251,文本,,,,,,,,,,,,,,,,,,,,,,,,,,,,,,,,,,,,,,,,,,,,,,,,,,,,,,,,,,,,,,,,,,,,,,,,,,,,,,,,,
MobileScreenshotCaption3,252,文本,,,,,,,,,,,,,,,,,,,,,,,,,,,,,,,,,,,,,,,,,,,,,,,,,,,,,,,,,,,,,,,,,,,,,,,,,,,,,,,,,
MobileScreenshotCaption4,253,文本,,,,,,,,,,,,,,,,,,,,,,,,,,,,,,,,,,,,,,,,,,,,,,,,,,,,,,,,,,,,,,,,,,,,,,,,,,,,,,,,,
MobileScreenshotCaption5,254,文本,,,,,,,,,,,,,,,,,,,,,,,,,,,,,,,,,,,,,,,,,,,,,,,,,,,,,,,,,,,,,,,,,,,,,,,,,,,,,,,,,
MobileScreenshotCaption6,255,文本,,,,,,,,,,,,,,,,,,,,,,,,,,,,,,,,,,,,,,,,,,,,,,,,,,,,,,,,,,,,,,,,,,,,,,,,,,,,,,,,,
MobileScreenshotCaption7,256,文本,,,,,,,,,,,,,,,,,,,,,,,,,,,,,,,,,,,,,,,,,,,,,,,,,,,,,,,,,,,,,,,,,,,,,,,,,,,,,,,,,
MobileScreenshotCaption8,257,文本,,,,,,,,,,,,,,,,,,,,,,,,,,,,,,,,,,,,,,,,,,,,,,,,,,,,,,,,,,,,,,,,,,,,,,,,,,,,,,,,,
MobileScreenshotCaption9,258,文本,,,,,,,,,,,,,,,,,,,,,,,,,,,,,,,,,,,,,,,,,,,,,,,,,,,,,,,,,,,,,,,,,,,,,,,,,,,,,,,,,
MobileScreenshotCaption10,259,文本,,,,,,,,,,,,,,,,,,,,,,,,,,,,,,,,,,,,,,,,,,,,,,,,,,,,,,,,,,,,,,,,,,,,,,,,,,,,,,,,,
MobileScreenshotCaption11,260,文本,,,,,,,,,,,,,,,,,,,,,,,,,,,,,,,,,,,,,,,,,,,,,,,,,,,,,,,,,,,,,,,,,,,,,,,,,,,,,,,,,
MobileScreenshotCaption12,261,文本,,,,,,,,,,,,,,,,,,,,,,,,,,,,,,,,,,,,,,,,,,,,,,,,,,,,,,,,,,,,,,,,,,,,,,,,,,,,,,,,,
MobileScreenshotCaption13,262,文本,,,,,,,,,,,,,,,,,,,,,,,,,,,,,,,,,,,,,,,,,,,,,,,,,,,,,,,,,,,,,,,,,,,,,,,,,,,,,,,,,
MobileScreenshotCaption14,263,文本,,,,,,,,,,,,,,,,,,,,,,,,,,,,,,,,,,,,,,,,,,,,,,,,,,,,,,,,,,,,,,,,,,,,,,,,,,,,,,,,,
MobileScreenshotCaption15,264,文本,,,,,,,,,,,,,,,,,,,,,,,,,,,,,,,,,,,,,,,,,,,,,,,,,,,,,,,,,,,,,,,,,,,,,,,,,,,,,,,,,
MobileScreenshotCaption16,265,文本,,,,,,,,,,,,,,,,,,,,,,,,,,,,,,,,,,,,,,,,,,,,,,,,,,,,,,,,,,,,,,,,,,,,,,,,,,,,,,,,,
MobileScreenshotCaption17,266,文本,,,,,,,,,,,,,,,,,,,,,,,,,,,,,,,,,,,,,,,,,,,,,,,,,,,,,,,,,,,,,,,,,,,,,,,,,,,,,,,,,
MobileScreenshotCaption18,267,文本,,,,,,,,,,,,,,,,,,,,,,,,,,,,,,,,,,,,,,,,,,,,,,,,,,,,,,,,,,,,,,,,,,,,,,,,,,,,,,,,,
MobileScreenshotCaption19,268,文本,,,,,,,,,,,,,,,,,,,,,,,,,,,,,,,,,,,,,,,,,,,,,,,,,,,,,,,,,,,,,,,,,,,,,,,,,,,,,,,,,
MobileScreenshotCaption20,269,文本,,,,,,,,,,,,,,,,,,,,,,,,,,,,,,,,,,,,,,,,,,,,,,,,,,,,,,,,,,,,,,,,,,,,,,,,,,,,,,,,,
MobileScreenshotCaption21,270,文本,,,,,,,,,,,,,,,,,,,,,,,,,,,,,,,,,,,,,,,,,,,,,,,,,,,,,,,,,,,,,,,,,,,,,,,,,,,,,,,,,
MobileScreenshotCaption22,271,文本,,,,,,,,,,,,,,,,,,,,,,,,,,,,,,,,,,,,,,,,,,,,,,,,,,,,,,,,,,,,,,,,,,,,,,,,,,,,,,,,,
MobileScreenshotCaption23,272,文本,,,,,,,,,,,,,,,,,,,,,,,,,,,,,,,,,,,,,,,,,,,,,,,,,,,,,,,,,,,,,,,,,,,,,,,,,,,,,,,,,
MobileScreenshotCaption24,273,文本,,,,,,,,,,,,,,,,,,,,,,,,,,,,,,,,,,,,,,,,,,,,,,,,,,,,,,,,,,,,,,,,,,,,,,,,,,,,,,,,,
MobileScreenshotCaption25,274,文本,,,,,,,,,,,,,,,,,,,,,,,,,,,,,,,,,,,,,,,,,,,,,,,,,,,,,,,,,,,,,,,,,,,,,,,,,,,,,,,,,
MobileScreenshotCaption26,275,文本,,,,,,,,,,,,,,,,,,,,,,,,,,,,,,,,,,,,,,,,,,,,,,,,,,,,,,,,,,,,,,,,,,,,,,,,,,,,,,,,,
MobileScreenshotCaption27,276,文本,,,,,,,,,,,,,,,,,,,,,,,,,,,,,,,,,,,,,,,,,,,,,,,,,,,,,,,,,,,,,,,,,,,,,,,,,,,,,,,,,
MobileScreenshotCaption28,277,文本,,,,,,,,,,,,,,,,,,,,,,,,,,,,,,,,,,,,,,,,,,,,,,,,,,,,,,,,,,,,,,,,,,,,,,,,,,,,,,,,,
MobileScreenshotCaption29,278,文本,,,,,,,,,,,,,,,,,,,,,,,,,,,,,,,,,,,,,,,,,,,,,,,,,,,,,,,,,,,,,,,,,,,,,,,,,,,,,,,,,
MobileScreenshotCaption30,279,文本,,,,,,,,,,,,,,,,,,,,,,,,,,,,,,,,,,,,,,,,,,,,,,,,,,,,,,,,,,,,,,,,,,,,,,,,,,,,,,,,,
XboxScreenshot1,300,相对路径(或指向合作伙伴中心文件的 URL),,,,,,,,,,,,,,,,,,,,,,,,,,,,,,,,,,,,,,,,,,,,,,,,,,,,,,,,,,,,,,,,,,,,,,,,,,,,,,,,,
XboxScreenshot2,301,相对路径(或指向合作伙伴中心文件的 URL),,,,,,,,,,,,,,,,,,,,,,,,,,,,,,,,,,,,,,,,,,,,,,,,,,,,,,,,,,,,,,,,,,,,,,,,,,,,,,,,,
XboxScreenshot3,302,相对路径(或指向合作伙伴中心文件的 URL),,,,,,,,,,,,,,,,,,,,,,,,,,,,,,,,,,,,,,,,,,,,,,,,,,,,,,,,,,,,,,,,,,,,,,,,,,,,,,,,,
XboxScreenshot4,303,相对路径(或指向合作伙伴中心文件的 URL),,,,,,,,,,,,,,,,,,,,,,,,,,,,,,,,,,,,,,,,,,,,,,,,,,,,,,,,,,,,,,,,,,,,,,,,,,,,,,,,,
XboxScreenshot5,304,相对路径(或指向合作伙伴中心文件的 URL),,,,,,,,,,,,,,,,,,,,,,,,,,,,,,,,,,,,,,,,,,,,,,,,,,,,,,,,,,,,,,,,,,,,,,,,,,,,,,,,,
XboxScreenshot6,305,相对路径(或指向合作伙伴中心文件的 URL),,,,,,,,,,,,,,,,,,,,,,,,,,,,,,,,,,,,,,,,,,,,,,,,,,,,,,,,,,,,,,,,,,,,,,,,,,,,,,,,,
XboxScreenshot7,306,相对路径(或指向合作伙伴中心文件的 URL),,,,,,,,,,,,,,,,,,,,,,,,,,,,,,,,,,,,,,,,,,,,,,,,,,,,,,,,,,,,,,,,,,,,,,,,,,,,,,,,,
XboxScreenshot8,307,相对路径(或指向合作伙伴中心文件的 URL),,,,,,,,,,,,,,,,,,,,,,,,,,,,,,,,,,,,,,,,,,,,,,,,,,,,,,,,,,,,,,,,,,,,,,,,,,,,,,,,,
XboxScreenshot9,308,相对路径(或指向合作伙伴中心文件的 URL),,,,,,,,,,,,,,,,,,,,,,,,,,,,,,,,,,,,,,,,,,,,,,,,,,,,,,,,,,,,,,,,,,,,,,,,,,,,,,,,,
XboxScreenshot10,309,相对路径(或指向合作伙伴中心文件的 URL),,,,,,,,,,,,,,,,,,,,,,,,,,,,,,,,,,,,,,,,,,,,,,,,,,,,,,,,,,,,,,,,,,,,,,,,,,,,,,,,,
XboxScreenshot11,310,相对路径(或指向合作伙伴中心文件的 URL),,,,,,,,,,,,,,,,,,,,,,,,,,,,,,,,,,,,,,,,,,,,,,,,,,,,,,,,,,,,,,,,,,,,,,,,,,,,,,,,,
XboxScreenshot12,311,相对路径(或指向合作伙伴中心文件的 URL),,,,,,,,,,,,,,,,,,,,,,,,,,,,,,,,,,,,,,,,,,,,,,,,,,,,,,,,,,,,,,,,,,,,,,,,,,,,,,,,,
XboxScreenshot13,312,相对路径(或指向合作伙伴中心文件的 URL),,,,,,,,,,,,,,,,,,,,,,,,,,,,,,,,,,,,,,,,,,,,,,,,,,,,,,,,,,,,,,,,,,,,,,,,,,,,,,,,,
XboxScreenshot14,313,相对路径(或指向合作伙伴中心文件的 URL),,,,,,,,,,,,,,,,,,,,,,,,,,,,,,,,,,,,,,,,,,,,,,,,,,,,,,,,,,,,,,,,,,,,,,,,,,,,,,,,,
XboxScreenshot15,314,相对路径(或指向合作伙伴中心文件的 URL),,,,,,,,,,,,,,,,,,,,,,,,,,,,,,,,,,,,,,,,,,,,,,,,,,,,,,,,,,,,,,,,,,,,,,,,,,,,,,,,,
XboxScreenshot16,315,相对路径(或指向合作伙伴中心文件的 URL),,,,,,,,,,,,,,,,,,,,,,,,,,,,,,,,,,,,,,,,,,,,,,,,,,,,,,,,,,,,,,,,,,,,,,,,,,,,,,,,,
XboxScreenshot17,316,相对路径(或指向合作伙伴中心文件的 URL),,,,,,,,,,,,,,,,,,,,,,,,,,,,,,,,,,,,,,,,,,,,,,,,,,,,,,,,,,,,,,,,,,,,,,,,,,,,,,,,,
XboxScreenshot18,317,相对路径(或指向合作伙伴中心文件的 URL),,,,,,,,,,,,,,,,,,,,,,,,,,,,,,,,,,,,,,,,,,,,,,,,,,,,,,,,,,,,,,,,,,,,,,,,,,,,,,,,,
XboxScreenshot19,318,相对路径(或指向合作伙伴中心文件的 URL),,,,,,,,,,,,,,,,,,,,,,,,,,,,,,,,,,,,,,,,,,,,,,,,,,,,,,,,,,,,,,,,,,,,,,,,,,,,,,,,,
XboxScreenshot20,319,相对路径(或指向合作伙伴中心文件的 URL),,,,,,,,,,,,,,,,,,,,,,,,,,,,,,,,,,,,,,,,,,,,,,,,,,,,,,,,,,,,,,,,,,,,,,,,,,,,,,,,,
XboxScreenshot21,320,相对路径(或指向合作伙伴中心文件的 URL),,,,,,,,,,,,,,,,,,,,,,,,,,,,,,,,,,,,,,,,,,,,,,,,,,,,,,,,,,,,,,,,,,,,,,,,,,,,,,,,,
XboxScreenshot22,321,相对路径(或指向合作伙伴中心文件的 URL),,,,,,,,,,,,,,,,,,,,,,,,,,,,,,,,,,,,,,,,,,,,,,,,,,,,,,,,,,,,,,,,,,,,,,,,,,,,,,,,,
XboxScreenshot23,322,相对路径(或指向合作伙伴中心文件的 URL),,,,,,,,,,,,,,,,,,,,,,,,,,,,,,,,,,,,,,,,,,,,,,,,,,,,,,,,,,,,,,,,,,,,,,,,,,,,,,,,,
XboxScreenshot24,323,相对路径(或指向合作伙伴中心文件的 URL),,,,,,,,,,,,,,,,,,,,,,,,,,,,,,,,,,,,,,,,,,,,,,,,,,,,,,,,,,,,,,,,,,,,,,,,,,,,,,,,,
XboxScreenshot25,324,相对路径(或指向合作伙伴中心文件的 URL),,,,,,,,,,,,,,,,,,,,,,,,,,,,,,,,,,,,,,,,,,,,,,,,,,,,,,,,,,,,,,,,,,,,,,,,,,,,,,,,,
XboxScreenshot26,325,相对路径(或指向合作伙伴中心文件的 URL),,,,,,,,,,,,,,,,,,,,,,,,,,,,,,,,,,,,,,,,,,,,,,,,,,,,,,,,,,,,,,,,,,,,,,,,,,,,,,,,,
XboxScreenshot27,326,相对路径(或指向合作伙伴中心文件的 URL),,,,,,,,,,,,,,,,,,,,,,,,,,,,,,,,,,,,,,,,,,,,,,,,,,,,,,,,,,,,,,,,,,,,,,,,,,,,,,,,,
XboxScreenshot28,327,相对路径(或指向合作伙伴中心文件的 URL),,,,,,,,,,,,,,,,,,,,,,,,,,,,,,,,,,,,,,,,,,,,,,,,,,,,,,,,,,,,,,,,,,,,,,,,,,,,,,,,,
XboxScreenshot29,328,相对路径(或指向合作伙伴中心文件的 URL),,,,,,,,,,,,,,,,,,,,,,,,,,,,,,,,,,,,,,,,,,,,,,,,,,,,,,,,,,,,,,,,,,,,,,,,,,,,,,,,,
XboxScreenshot30,329,相对路径(或指向合作伙伴中心文件的 URL),,,,,,,,,,,,,,,,,,,,,,,,,,,,,,,,,,,,,,,,,,,,,,,,,,,,,,,,,,,,,,,,,,,,,,,,,,,,,,,,,
XboxScreenshotCaption1,350,文本,,,,,,,,,,,,,,,,,,,,,,,,,,,,,,,,,,,,,,,,,,,,,,,,,,,,,,,,,,,,,,,,,,,,,,,,,,,,,,,,,
XboxScreenshotCaption2,351,文本,,,,,,,,,,,,,,,,,,,,,,,,,,,,,,,,,,,,,,,,,,,,,,,,,,,,,,,,,,,,,,,,,,,,,,,,,,,,,,,,,
XboxScreenshotCaption3,352,文本,,,,,,,,,,,,,,,,,,,,,,,,,,,,,,,,,,,,,,,,,,,,,,,,,,,,,,,,,,,,,,,,,,,,,,,,,,,,,,,,,
XboxScreenshotCaption4,353,文本,,,,,,,,,,,,,,,,,,,,,,,,,,,,,,,,,,,,,,,,,,,,,,,,,,,,,,,,,,,,,,,,,,,,,,,,,,,,,,,,,
XboxScreenshotCaption5,354,文本,,,,,,,,,,,,,,,,,,,,,,,,,,,,,,,,,,,,,,,,,,,,,,,,,,,,,,,,,,,,,,,,,,,,,,,,,,,,,,,,,
XboxScreenshotCaption6,355,文本,,,,,,,,,,,,,,,,,,,,,,,,,,,,,,,,,,,,,,,,,,,,,,,,,,,,,,,,,,,,,,,,,,,,,,,,,,,,,,,,,
XboxScreenshotCaption7,356,文本,,,,,,,,,,,,,,,,,,,,,,,,,,,,,,,,,,,,,,,,,,,,,,,,,,,,,,,,,,,,,,,,,,,,,,,,,,,,,,,,,
XboxScreenshotCaption8,357,文本,,,,,,,,,,,,,,,,,,,,,,,,,,,,,,,,,,,,,,,,,,,,,,,,,,,,,,,,,,,,,,,,,,,,,,,,,,,,,,,,,
XboxScreenshotCaption9,358,文本,,,,,,,,,,,,,,,,,,,,,,,,,,,,,,,,,,,,,,,,,,,,,,,,,,,,,,,,,,,,,,,,,,,,,,,,,,,,,,,,,
XboxScreenshotCaption10,359,文本,,,,,,,,,,,,,,,,,,,,,,,,,,,,,,,,,,,,,,,,,,,,,,,,,,,,,,,,,,,,,,,,,,,,,,,,,,,,,,,,,
XboxScreenshotCaption11,360,文本,,,,,,,,,,,,,,,,,,,,,,,,,,,,,,,,,,,,,,,,,,,,,,,,,,,,,,,,,,,,,,,,,,,,,,,,,,,,,,,,,
XboxScreenshotCaption12,361,文本,,,,,,,,,,,,,,,,,,,,,,,,,,,,,,,,,,,,,,,,,,,,,,,,,,,,,,,,,,,,,,,,,,,,,,,,,,,,,,,,,
XboxScreenshotCaption13,362,文本,,,,,,,,,,,,,,,,,,,,,,,,,,,,,,,,,,,,,,,,,,,,,,,,,,,,,,,,,,,,,,,,,,,,,,,,,,,,,,,,,
XboxScreenshotCaption14,363,文本,,,,,,,,,,,,,,,,,,,,,,,,,,,,,,,,,,,,,,,,,,,,,,,,,,,,,,,,,,,,,,,,,,,,,,,,,,,,,,,,,
XboxScreenshotCaption15,364,文本,,,,,,,,,,,,,,,,,,,,,,,,,,,,,,,,,,,,,,,,,,,,,,,,,,,,,,,,,,,,,,,,,,,,,,,,,,,,,,,,,
XboxScreenshotCaption16,365,文本,,,,,,,,,,,,,,,,,,,,,,,,,,,,,,,,,,,,,,,,,,,,,,,,,,,,,,,,,,,,,,,,,,,,,,,,,,,,,,,,,
XboxScreenshotCaption17,366,文本,,,,,,,,,,,,,,,,,,,,,,,,,,,,,,,,,,,,,,,,,,,,,,,,,,,,,,,,,,,,,,,,,,,,,,,,,,,,,,,,,
XboxScreenshotCaption18,367,文本,,,,,,,,,,,,,,,,,,,,,,,,,,,,,,,,,,,,,,,,,,,,,,,,,,,,,,,,,,,,,,,,,,,,,,,,,,,,,,,,,
XboxScreenshotCaption19,368,文本,,,,,,,,,,,,,,,,,,,,,,,,,,,,,,,,,,,,,,,,,,,,,,,,,,,,,,,,,,,,,,,,,,,,,,,,,,,,,,,,,
XboxScreenshotCaption20,369,文本,,,,,,,,,,,,,,,,,,,,,,,,,,,,,,,,,,,,,,,,,,,,,,,,,,,,,,,,,,,,,,,,,,,,,,,,,,,,,,,,,
XboxScreenshotCaption21,370,文本,,,,,,,,,,,,,,,,,,,,,,,,,,,,,,,,,,,,,,,,,,,,,,,,,,,,,,,,,,,,,,,,,,,,,,,,,,,,,,,,,
XboxScreenshotCaption22,371,文本,,,,,,,,,,,,,,,,,,,,,,,,,,,,,,,,,,,,,,,,,,,,,,,,,,,,,,,,,,,,,,,,,,,,,,,,,,,,,,,,,
XboxScreenshotCaption23,372,文本,,,,,,,,,,,,,,,,,,,,,,,,,,,,,,,,,,,,,,,,,,,,,,,,,,,,,,,,,,,,,,,,,,,,,,,,,,,,,,,,,
XboxScreenshotCaption24,373,文本,,,,,,,,,,,,,,,,,,,,,,,,,,,,,,,,,,,,,,,,,,,,,,,,,,,,,,,,,,,,,,,,,,,,,,,,,,,,,,,,,
XboxScreenshotCaption25,374,文本,,,,,,,,,,,,,,,,,,,,,,,,,,,,,,,,,,,,,,,,,,,,,,,,,,,,,,,,,,,,,,,,,,,,,,,,,,,,,,,,,
XboxScreenshotCaption26,375,文本,,,,,,,,,,,,,,,,,,,,,,,,,,,,,,,,,,,,,,,,,,,,,,,,,,,,,,,,,,,,,,,,,,,,,,,,,,,,,,,,,
XboxScreenshotCaption27,376,文本,,,,,,,,,,,,,,,,,,,,,,,,,,,,,,,,,,,,,,,,,,,,,,,,,,,,,,,,,,,,,,,,,,,,,,,,,,,,,,,,,
XboxScreenshotCaption28,377,文本,,,,,,,,,,,,,,,,,,,,,,,,,,,,,,,,,,,,,,,,,,,,,,,,,,,,,,,,,,,,,,,,,,,,,,,,,,,,,,,,,
XboxScreenshotCaption29,378,文本,,,,,,,,,,,,,,,,,,,,,,,,,,,,,,,,,,,,,,,,,,,,,,,,,,,,,,,,,,,,,,,,,,,,,,,,,,,,,,,,,
XboxScreenshotCaption30,379,文本,,,,,,,,,,,,,,,,,,,,,,,,,,,,,,,,,,,,,,,,,,,,,,,,,,,,,,,,,,,,,,,,,,,,,,,,,,,,,,,,,
HolographicScreenshot1,400,相对路径(或指向合作伙伴中心文件的 URL),,,,,,,,,,,,,,,,,,,,,,,,,,,,,,,,,,,,,,,,,,,,,,,,,,,,,,,,,,,,,,,,,,,,,,,,,,,,,,,,,
HolographicScreenshot2,401,相对路径(或指向合作伙伴中心文件的 URL),,,,,,,,,,,,,,,,,,,,,,,,,,,,,,,,,,,,,,,,,,,,,,,,,,,,,,,,,,,,,,,,,,,,,,,,,,,,,,,,,
HolographicScreenshot3,402,相对路径(或指向合作伙伴中心文件的 URL),,,,,,,,,,,,,,,,,,,,,,,,,,,,,,,,,,,,,,,,,,,,,,,,,,,,,,,,,,,,,,,,,,,,,,,,,,,,,,,,,
HolographicScreenshot4,403,相对路径(或指向合作伙伴中心文件的 URL),,,,,,,,,,,,,,,,,,,,,,,,,,,,,,,,,,,,,,,,,,,,,,,,,,,,,,,,,,,,,,,,,,,,,,,,,,,,,,,,,
HolographicScreenshot5,404,相对路径(或指向合作伙伴中心文件的 URL),,,,,,,,,,,,,,,,,,,,,,,,,,,,,,,,,,,,,,,,,,,,,,,,,,,,,,,,,,,,,,,,,,,,,,,,,,,,,,,,,
HolographicScreenshot6,405,相对路径(或指向合作伙伴中心文件的 URL),,,,,,,,,,,,,,,,,,,,,,,,,,,,,,,,,,,,,,,,,,,,,,,,,,,,,,,,,,,,,,,,,,,,,,,,,,,,,,,,,
HolographicScreenshot7,406,相对路径(或指向合作伙伴中心文件的 URL),,,,,,,,,,,,,,,,,,,,,,,,,,,,,,,,,,,,,,,,,,,,,,,,,,,,,,,,,,,,,,,,,,,,,,,,,,,,,,,,,
HolographicScreenshot8,407,相对路径(或指向合作伙伴中心文件的 URL),,,,,,,,,,,,,,,,,,,,,,,,,,,,,,,,,,,,,,,,,,,,,,,,,,,,,,,,,,,,,,,,,,,,,,,,,,,,,,,,,
HolographicScreenshot9,408,相对路径(或指向合作伙伴中心文件的 URL),,,,,,,,,,,,,,,,,,,,,,,,,,,,,,,,,,,,,,,,,,,,,,,,,,,,,,,,,,,,,,,,,,,,,,,,,,,,,,,,,
HolographicScreenshot10,409,相对路径(或指向合作伙伴中心文件的 URL),,,,,,,,,,,,,,,,,,,,,,,,,,,,,,,,,,,,,,,,,,,,,,,,,,,,,,,,,,,,,,,,,,,,,,,,,,,,,,,,,
HolographicScreenshot11,410,相对路径(或指向合作伙伴中心文件的 URL),,,,,,,,,,,,,,,,,,,,,,,,,,,,,,,,,,,,,,,,,,,,,,,,,,,,,,,,,,,,,,,,,,,,,,,,,,,,,,,,,
HolographicScreenshot12,411,相对路径(或指向合作伙伴中心文件的 URL),,,,,,,,,,,,,,,,,,,,,,,,,,,,,,,,,,,,,,,,,,,,,,,,,,,,,,,,,,,,,,,,,,,,,,,,,,,,,,,,,
HolographicScreenshot13,412,相对路径(或指向合作伙伴中心文件的 URL),,,,,,,,,,,,,,,,,,,,,,,,,,,,,,,,,,,,,,,,,,,,,,,,,,,,,,,,,,,,,,,,,,,,,,,,,,,,,,,,,
HolographicScreenshot14,413,相对路径(或指向合作伙伴中心文件的 URL),,,,,,,,,,,,,,,,,,,,,,,,,,,,,,,,,,,,,,,,,,,,,,,,,,,,,,,,,,,,,,,,,,,,,,,,,,,,,,,,,
HolographicScreenshot15,414,相对路径(或指向合作伙伴中心文件的 URL),,,,,,,,,,,,,,,,,,,,,,,,,,,,,,,,,,,,,,,,,,,,,,,,,,,,,,,,,,,,,,,,,,,,,,,,,,,,,,,,,
HolographicScreenshot16,415,相对路径(或指向合作伙伴中心文件的 URL),,,,,,,,,,,,,,,,,,,,,,,,,,,,,,,,,,,,,,,,,,,,,,,,,,,,,,,,,,,,,,,,,,,,,,,,,,,,,,,,,
HolographicScreenshot17,416,相对路径(或指向合作伙伴中心文件的 URL),,,,,,,,,,,,,,,,,,,,,,,,,,,,,,,,,,,,,,,,,,,,,,,,,,,,,,,,,,,,,,,,,,,,,,,,,,,,,,,,,
HolographicScreenshot18,417,相对路径(或指向合作伙伴中心文件的 URL),,,,,,,,,,,,,,,,,,,,,,,,,,,,,,,,,,,,,,,,,,,,,,,,,,,,,,,,,,,,,,,,,,,,,,,,,,,,,,,,,
HolographicScreenshot19,418,相对路径(或指向合作伙伴中心文件的 URL),,,,,,,,,,,,,,,,,,,,,,,,,,,,,,,,,,,,,,,,,,,,,,,,,,,,,,,,,,,,,,,,,,,,,,,,,,,,,,,,,
HolographicScreenshot20,419,相对路径(或指向合作伙伴中心文件的 URL),,,,,,,,,,,,,,,,,,,,,,,,,,,,,,,,,,,,,,,,,,,,,,,,,,,,,,,,,,,,,,,,,,,,,,,,,,,,,,,,,
HolographicScreenshot21,420,相对路径(或指向合作伙伴中心文件的 URL),,,,,,,,,,,,,,,,,,,,,,,,,,,,,,,,,,,,,,,,,,,,,,,,,,,,,,,,,,,,,,,,,,,,,,,,,,,,,,,,,
HolographicScreenshot22,421,相对路径(或指向合作伙伴中心文件的 URL),,,,,,,,,,,,,,,,,,,,,,,,,,,,,,,,,,,,,,,,,,,,,,,,,,,,,,,,,,,,,,,,,,,,,,,,,,,,,,,,,
HolographicScreenshot23,422,相对路径(或指向合作伙伴中心文件的 URL),,,,,,,,,,,,,,,,,,,,,,,,,,,,,,,,,,,,,,,,,,,,,,,,,,,,,,,,,,,,,,,,,,,,,,,,,,,,,,,,,
HolographicScreenshot24,423,相对路径(或指向合作伙伴中心文件的 URL),,,,,,,,,,,,,,,,,,,,,,,,,,,,,,,,,,,,,,,,,,,,,,,,,,,,,,,,,,,,,,,,,,,,,,,,,,,,,,,,,
HolographicScreenshot25,424,相对路径(或指向合作伙伴中心文件的 URL),,,,,,,,,,,,,,,,,,,,,,,,,,,,,,,,,,,,,,,,,,,,,,,,,,,,,,,,,,,,,,,,,,,,,,,,,,,,,,,,,
HolographicScreenshot26,425,相对路径(或指向合作伙伴中心文件的 URL),,,,,,,,,,,,,,,,,,,,,,,,,,,,,,,,,,,,,,,,,,,,,,,,,,,,,,,,,,,,,,,,,,,,,,,,,,,,,,,,,
HolographicScreenshot27,426,相对路径(或指向合作伙伴中心文件的 URL),,,,,,,,,,,,,,,,,,,,,,,,,,,,,,,,,,,,,,,,,,,,,,,,,,,,,,,,,,,,,,,,,,,,,,,,,,,,,,,,,
HolographicScreenshot28,427,相对路径(或指向合作伙伴中心文件的 URL),,,,,,,,,,,,,,,,,,,,,,,,,,,,,,,,,,,,,,,,,,,,,,,,,,,,,,,,,,,,,,,,,,,,,,,,,,,,,,,,,
HolographicScreenshot29,428,相对路径(或指向合作伙伴中心文件的 URL),,,,,,,,,,,,,,,,,,,,,,,,,,,,,,,,,,,,,,,,,,,,,,,,,,,,,,,,,,,,,,,,,,,,,,,,,,,,,,,,,
HolographicScreenshot30,429,相对路径(或指向合作伙伴中心文件的 URL),,,,,,,,,,,,,,,,,,,,,,,,,,,,,,,,,,,,,,,,,,,,,,,,,,,,,,,,,,,,,,,,,,,,,,,,,,,,,,,,,
HolographicScreenshotCaption1,450,文本,,,,,,,,,,,,,,,,,,,,,,,,,,,,,,,,,,,,,,,,,,,,,,,,,,,,,,,,,,,,,,,,,,,,,,,,,,,,,,,,,
HolographicScreenshotCaption2,451,文本,,,,,,,,,,,,,,,,,,,,,,,,,,,,,,,,,,,,,,,,,,,,,,,,,,,,,,,,,,,,,,,,,,,,,,,,,,,,,,,,,
HolographicScreenshotCaption3,452,文本,,,,,,,,,,,,,,,,,,,,,,,,,,,,,,,,,,,,,,,,,,,,,,,,,,,,,,,,,,,,,,,,,,,,,,,,,,,,,,,,,
HolographicScreenshotCaption4,453,文本,,,,,,,,,,,,,,,,,,,,,,,,,,,,,,,,,,,,,,,,,,,,,,,,,,,,,,,,,,,,,,,,,,,,,,,,,,,,,,,,,
HolographicScreenshotCaption5,454,文本,,,,,,,,,,,,,,,,,,,,,,,,,,,,,,,,,,,,,,,,,,,,,,,,,,,,,,,,,,,,,,,,,,,,,,,,,,,,,,,,,
HolographicScreenshotCaption6,455,文本,,,,,,,,,,,,,,,,,,,,,,,,,,,,,,,,,,,,,,,,,,,,,,,,,,,,,,,,,,,,,,,,,,,,,,,,,,,,,,,,,
HolographicScreenshotCaption7,456,文本,,,,,,,,,,,,,,,,,,,,,,,,,,,,,,,,,,,,,,,,,,,,,,,,,,,,,,,,,,,,,,,,,,,,,,,,,,,,,,,,,
HolographicScreenshotCaption8,457,文本,,,,,,,,,,,,,,,,,,,,,,,,,,,,,,,,,,,,,,,,,,,,,,,,,,,,,,,,,,,,,,,,,,,,,,,,,,,,,,,,,
HolographicScreenshotCaption9,458,文本,,,,,,,,,,,,,,,,,,,,,,,,,,,,,,,,,,,,,,,,,,,,,,,,,,,,,,,,,,,,,,,,,,,,,,,,,,,,,,,,,
HolographicScreenshotCaption10,459,文本,,,,,,,,,,,,,,,,,,,,,,,,,,,,,,,,,,,,,,,,,,,,,,,,,,,,,,,,,,,,,,,,,,,,,,,,,,,,,,,,,
HolographicScreenshotCaption11,460,文本,,,,,,,,,,,,,,,,,,,,,,,,,,,,,,,,,,,,,,,,,,,,,,,,,,,,,,,,,,,,,,,,,,,,,,,,,,,,,,,,,
HolographicScreenshotCaption12,461,文本,,,,,,,,,,,,,,,,,,,,,,,,,,,,,,,,,,,,,,,,,,,,,,,,,,,,,,,,,,,,,,,,,,,,,,,,,,,,,,,,,
HolographicScreenshotCaption13,462,文本,,,,,,,,,,,,,,,,,,,,,,,,,,,,,,,,,,,,,,,,,,,,,,,,,,,,,,,,,,,,,,,,,,,,,,,,,,,,,,,,,
HolographicScreenshotCaption14,463,文本,,,,,,,,,,,,,,,,,,,,,,,,,,,,,,,,,,,,,,,,,,,,,,,,,,,,,,,,,,,,,,,,,,,,,,,,,,,,,,,,,
HolographicScreenshotCaption15,464,文本,,,,,,,,,,,,,,,,,,,,,,,,,,,,,,,,,,,,,,,,,,,,,,,,,,,,,,,,,,,,,,,,,,,,,,,,,,,,,,,,,
HolographicScreenshotCaption16,465,文本,,,,,,,,,,,,,,,,,,,,,,,,,,,,,,,,,,,,,,,,,,,,,,,,,,,,,,,,,,,,,,,,,,,,,,,,,,,,,,,,,
HolographicScreenshotCaption17,466,文本,,,,,,,,,,,,,,,,,,,,,,,,,,,,,,,,,,,,,,,,,,,,,,,,,,,,,,,,,,,,,,,,,,,,,,,,,,,,,,,,,
HolographicScreenshotCaption18,467,文本,,,,,,,,,,,,,,,,,,,,,,,,,,,,,,,,,,,,,,,,,,,,,,,,,,,,,,,,,,,,,,,,,,,,,,,,,,,,,,,,,
HolographicScreenshotCaption19,468,文本,,,,,,,,,,,,,,,,,,,,,,,,,,,,,,,,,,,,,,,,,,,,,,,,,,,,,,,,,,,,,,,,,,,,,,,,,,,,,,,,,
HolographicScreenshotCaption20,469,文本,,,,,,,,,,,,,,,,,,,,,,,,,,,,,,,,,,,,,,,,,,,,,,,,,,,,,,,,,,,,,,,,,,,,,,,,,,,,,,,,,
HolographicScreenshotCaption21,470,文本,,,,,,,,,,,,,,,,,,,,,,,,,,,,,,,,,,,,,,,,,,,,,,,,,,,,,,,,,,,,,,,,,,,,,,,,,,,,,,,,,
HolographicScreenshotCaption22,471,文本,,,,,,,,,,,,,,,,,,,,,,,,,,,,,,,,,,,,,,,,,,,,,,,,,,,,,,,,,,,,,,,,,,,,,,,,,,,,,,,,,
HolographicScreenshotCaption23,472,文本,,,,,,,,,,,,,,,,,,,,,,,,,,,,,,,,,,,,,,,,,,,,,,,,,,,,,,,,,,,,,,,,,,,,,,,,,,,,,,,,,
HolographicScreenshotCaption24,473,文本,,,,,,,,,,,,,,,,,,,,,,,,,,,,,,,,,,,,,,,,,,,,,,,,,,,,,,,,,,,,,,,,,,,,,,,,,,,,,,,,,
HolographicScreenshotCaption25,474,文本,,,,,,,,,,,,,,,,,,,,,,,,,,,,,,,,,,,,,,,,,,,,,,,,,,,,,,,,,,,,,,,,,,,,,,,,,,,,,,,,,
HolographicScreenshotCaption26,475,文本,,,,,,,,,,,,,,,,,,,,,,,,,,,,,,,,,,,,,,,,,,,,,,,,,,,,,,,,,,,,,,,,,,,,,,,,,,,,,,,,,
HolographicScreenshotCaption27,476,文本,,,,,,,,,,,,,,,,,,,,,,,,,,,,,,,,,,,,,,,,,,,,,,,,,,,,,,,,,,,,,,,,,,,,,,,,,,,,,,,,,
HolographicScreenshotCaption28,477,文本,,,,,,,,,,,,,,,,,,,,,,,,,,,,,,,,,,,,,,,,,,,,,,,,,,,,,,,,,,,,,,,,,,,,,,,,,,,,,,,,,
HolographicScreenshotCaption29,478,文本,,,,,,,,,,,,,,,,,,,,,,,,,,,,,,,,,,,,,,,,,,,,,,,,,,,,,,,,,,,,,,,,,,,,,,,,,,,,,,,,,
HolographicScreenshotCaption30,479,文本,,,,,,,,,,,,,,,,,,,,,,,,,,,,,,,,,,,,,,,,,,,,,,,,,,,,,,,,,,,,,,,,,,,,,,,,,,,,,,,,,
SurfaceHubScreenshot11,510,相对路径(或指向合作伙伴中心文件的 URL),,,,,,,,,,,,,,,,,,,,,,,,,,,,,,,,,,,,,,,,,,,,,,,,,,,,,,,,,,,,,,,,,,,,,,,,,,,,,,,,,
SurfaceHubScreenshot12,511,相对路径(或指向合作伙伴中心文件的 URL),,,,,,,,,,,,,,,,,,,,,,,,,,,,,,,,,,,,,,,,,,,,,,,,,,,,,,,,,,,,,,,,,,,,,,,,,,,,,,,,,
SurfaceHubScreenshot13,512,相对路径(或指向合作伙伴中心文件的 URL),,,,,,,,,,,,,,,,,,,,,,,,,,,,,,,,,,,,,,,,,,,,,,,,,,,,,,,,,,,,,,,,,,,,,,,,,,,,,,,,,
SurfaceHubScreenshot14,513,相对路径(或指向合作伙伴中心文件的 URL),,,,,,,,,,,,,,,,,,,,,,,,,,,,,,,,,,,,,,,,,,,,,,,,,,,,,,,,,,,,,,,,,,,,,,,,,,,,,,,,,
SurfaceHubScreenshot15,514,相对路径(或指向合作伙伴中心文件的 URL),,,,,,,,,,,,,,,,,,,,,,,,,,,,,,,,,,,,,,,,,,,,,,,,,,,,,,,,,,,,,,,,,,,,,,,,,,,,,,,,,
SurfaceHubScreenshot16,515,相对路径(或指向合作伙伴中心文件的 URL),,,,,,,,,,,,,,,,,,,,,,,,,,,,,,,,,,,,,,,,,,,,,,,,,,,,,,,,,,,,,,,,,,,,,,,,,,,,,,,,,
SurfaceHubScreenshot17,516,相对路径(或指向合作伙伴中心文件的 URL),,,,,,,,,,,,,,,,,,,,,,,,,,,,,,,,,,,,,,,,,,,,,,,,,,,,,,,,,,,,,,,,,,,,,,,,,,,,,,,,,
SurfaceHubScreenshot18,517,相对路径(或指向合作伙伴中心文件的 URL),,,,,,,,,,,,,,,,,,,,,,,,,,,,,,,,,,,,,,,,,,,,,,,,,,,,,,,,,,,,,,,,,,,,,,,,,,,,,,,,,
SurfaceHubScreenshot19,518,相对路径(或指向合作伙伴中心文件的 URL),,,,,,,,,,,,,,,,,,,,,,,,,,,,,,,,,,,,,,,,,,,,,,,,,,,,,,,,,,,,,,,,,,,,,,,,,,,,,,,,,
SurfaceHubScreenshot20,519,相对路径(或指向合作伙伴中心文件的 URL),,,,,,,,,,,,,,,,,,,,,,,,,,,,,,,,,,,,,,,,,,,,,,,,,,,,,,,,,,,,,,,,,,,,,,,,,,,,,,,,,
SurfaceHubScreenshot21,520,相对路径(或指向合作伙伴中心文件的 URL),,,,,,,,,,,,,,,,,,,,,,,,,,,,,,,,,,,,,,,,,,,,,,,,,,,,,,,,,,,,,,,,,,,,,,,,,,,,,,,,,
SurfaceHubScreenshot22,521,相对路径(或指向合作伙伴中心文件的 URL),,,,,,,,,,,,,,,,,,,,,,,,,,,,,,,,,,,,,,,,,,,,,,,,,,,,,,,,,,,,,,,,,,,,,,,,,,,,,,,,,
SurfaceHubScreenshot23,522,相对路径(或指向合作伙伴中心文件的 URL),,,,,,,,,,,,,,,,,,,,,,,,,,,,,,,,,,,,,,,,,,,,,,,,,,,,,,,,,,,,,,,,,,,,,,,,,,,,,,,,,
SurfaceHubScreenshot24,523,相对路径(或指向合作伙伴中心文件的 URL),,,,,,,,,,,,,,,,,,,,,,,,,,,,,,,,,,,,,,,,,,,,,,,,,,,,,,,,,,,,,,,,,,,,,,,,,,,,,,,,,
SurfaceHubScreenshot25,524,相对路径(或指向合作伙伴中心文件的 URL),,,,,,,,,,,,,,,,,,,,,,,,,,,,,,,,,,,,,,,,,,,,,,,,,,,,,,,,,,,,,,,,,,,,,,,,,,,,,,,,,
SurfaceHubScreenshot26,525,相对路径(或指向合作伙伴中心文件的 URL),,,,,,,,,,,,,,,,,,,,,,,,,,,,,,,,,,,,,,,,,,,,,,,,,,,,,,,,,,,,,,,,,,,,,,,,,,,,,,,,,
SurfaceHubScreenshot27,526,相对路径(或指向合作伙伴中心文件的 URL),,,,,,,,,,,,,,,,,,,,,,,,,,,,,,,,,,,,,,,,,,,,,,,,,,,,,,,,,,,,,,,,,,,,,,,,,,,,,,,,,
SurfaceHubScreenshot28,527,相对路径(或指向合作伙伴中心文件的 URL),,,,,,,,,,,,,,,,,,,,,,,,,,,,,,,,,,,,,,,,,,,,,,,,,,,,,,,,,,,,,,,,,,,,,,,,,,,,,,,,,
SurfaceHubScreenshot29,528,相对路径(或指向合作伙伴中心文件的 URL),,,,,,,,,,,,,,,,,,,,,,,,,,,,,,,,,,,,,,,,,,,,,,,,,,,,,,,,,,,,,,,,,,,,,,,,,,,,,,,,,
SurfaceHubScreenshot30,529,相对路径(或指向合作伙伴中心文件的 URL),,,,,,,,,,,,,,,,,,,,,,,,,,,,,,,,,,,,,,,,,,,,,,,,,,,,,,,,,,,,,,,,,,,,,,,,,,,,,,,,,
SurfaceHubScreenshotCaption11,560,文本,,,,,,,,,,,,,,,,,,,,,,,,,,,,,,,,,,,,,,,,,,,,,,,,,,,,,,,,,,,,,,,,,,,,,,,,,,,,,,,,,
SurfaceHubScreenshotCaption12,561,文本,,,,,,,,,,,,,,,,,,,,,,,,,,,,,,,,,,,,,,,,,,,,,,,,,,,,,,,,,,,,,,,,,,,,,,,,,,,,,,,,,
SurfaceHubScreenshotCaption13,562,文本,,,,,,,,,,,,,,,,,,,,,,,,,,,,,,,,,,,,,,,,,,,,,,,,,,,,,,,,,,,,,,,,,,,,,,,,,,,,,,,,,
SurfaceHubScreenshotCaption14,563,文本,,,,,,,,,,,,,,,,,,,,,,,,,,,,,,,,,,,,,,,,,,,,,,,,,,,,,,,,,,,,,,,,,,,,,,,,,,,,,,,,,
SurfaceHubScreenshotCaption15,564,文本,,,,,,,,,,,,,,,,,,,,,,,,,,,,,,,,,,,,,,,,,,,,,,,,,,,,,,,,,,,,,,,,,,,,,,,,,,,,,,,,,
SurfaceHubScreenshotCaption16,565,文本,,,,,,,,,,,,,,,,,,,,,,,,,,,,,,,,,,,,,,,,,,,,,,,,,,,,,,,,,,,,,,,,,,,,,,,,,,,,,,,,,
SurfaceHubScreenshotCaption17,566,文本,,,,,,,,,,,,,,,,,,,,,,,,,,,,,,,,,,,,,,,,,,,,,,,,,,,,,,,,,,,,,,,,,,,,,,,,,,,,,,,,,
SurfaceHubScreenshotCaption18,567,文本,,,,,,,,,,,,,,,,,,,,,,,,,,,,,,,,,,,,,,,,,,,,,,,,,,,,,,,,,,,,,,,,,,,,,,,,,,,,,,,,,
SurfaceHubScreenshotCaption19,568,文本,,,,,,,,,,,,,,,,,,,,,,,,,,,,,,,,,,,,,,,,,,,,,,,,,,,,,,,,,,,,,,,,,,,,,,,,,,,,,,,,,
SurfaceHubScreenshotCaption20,569,文本,,,,,,,,,,,,,,,,,,,,,,,,,,,,,,,,,,,,,,,,,,,,,,,,,,,,,,,,,,,,,,,,,,,,,,,,,,,,,,,,,
SurfaceHubScreenshotCaption21,570,文本,,,,,,,,,,,,,,,,,,,,,,,,,,,,,,,,,,,,,,,,,,,,,,,,,,,,,,,,,,,,,,,,,,,,,,,,,,,,,,,,,
SurfaceHubScreenshotCaption22,571,文本,,,,,,,,,,,,,,,,,,,,,,,,,,,,,,,,,,,,,,,,,,,,,,,,,,,,,,,,,,,,,,,,,,,,,,,,,,,,,,,,,
SurfaceHubScreenshotCaption23,572,文本,,,,,,,,,,,,,,,,,,,,,,,,,,,,,,,,,,,,,,,,,,,,,,,,,,,,,,,,,,,,,,,,,,,,,,,,,,,,,,,,,
SurfaceHubScreenshotCaption24,573,文本,,,,,,,,,,,,,,,,,,,,,,,,,,,,,,,,,,,,,,,,,,,,,,,,,,,,,,,,,,,,,,,,,,,,,,,,,,,,,,,,,
SurfaceHubScreenshotCaption25,574,文本,,,,,,,,,,,,,,,,,,,,,,,,,,,,,,,,,,,,,,,,,,,,,,,,,,,,,,,,,,,,,,,,,,,,,,,,,,,,,,,,,
SurfaceHubScreenshotCaption26,575,文本,,,,,,,,,,,,,,,,,,,,,,,,,,,,,,,,,,,,,,,,,,,,,,,,,,,,,,,,,,,,,,,,,,,,,,,,,,,,,,,,,
SurfaceHubScreenshotCaption27,576,文本,,,,,,,,,,,,,,,,,,,,,,,,,,,,,,,,,,,,,,,,,,,,,,,,,,,,,,,,,,,,,,,,,,,,,,,,,,,,,,,,,
SurfaceHubScreenshotCaption28,577,文本,,,,,,,,,,,,,,,,,,,,,,,,,,,,,,,,,,,,,,,,,,,,,,,,,,,,,,,,,,,,,,,,,,,,,,,,,,,,,,,,,
SurfaceHubScreenshotCaption29,578,文本,,,,,,,,,,,,,,,,,,,,,,,,,,,,,,,,,,,,,,,,,,,,,,,,,,,,,,,,,,,,,,,,,,,,,,,,,,,,,,,,,
SurfaceHubScreenshotCaption30,579,文本,,,,,,,,,,,,,,,,,,,,,,,,,,,,,,,,,,,,,,,,,,,,,,,,,,,,,,,,,,,,,,,,,,,,,,,,,,,,,,,,,
StoreLogo720x1080,600,相对路径(或指向合作伙伴中心文件的 URL),,https://developer.microsoft.com/en-us/dashboard/apps/9NK5LLMF8LHM/submissions/1152921505701586331/listings/1152922700026547720/listingassets/3053461861016983100,https://developer.microsoft.com/en-us/dashboard/apps/9NK5LLMF8LHM/submissions/1152921505701586331/listings/1152922700026547722/listingassets/3056328325649918783,,,,,,,,,,,,,,,,,,,,,,,,,,,,,,,,,,,,,,,,,,,,,,,,,,,,,,,,,,,,,,,,,,,,,,,,,,,,,,
StoreLogo1080x1080,601,相对路径(或指向合作伙伴中心文件的 URL),,https://developer.microsoft.com/en-us/dashboard/apps/9NK5LLMF8LHM/submissions/1152921505701586331/listings/1152922700026547720/listingassets/3071522061611937207,https://developer.microsoft.com/en-us/dashboard/apps/9NK5LLMF8LHM/submissions/1152921505701586331/listings/1152922700026547722/listingassets/3045394261350833645,,,,,,,,,,,,,,,,,,,,,,,,,,,,,,,,,,,,,,,,,,,,,,,,,,,,,,,,,,,,,,,,,,,,,,,,,,,,,,
StoreLogo300x300,602,相对路径(或指向合作伙伴中心文件的 URL),,,,,,,,,,,,,,,,,,,,,,,,,,,,,,,,,,,,,,,,,,,,,,,,,,,,,,,,,,,,,,,,,,,,,,,,,,,,,,,,,
OverrideLogosForWin10,603,True/False,,False,False,False,False,False,False,False,False,False,False,False,False,False,False,False,False,False,False,False,False,False,False,False,False,False,False,False,False,False,False,False,False,False,False,False,False,False,False,False,False,False,False,False,False,False,False,False,False,False,False,False,False,False,False,False,False,False,False,False,False,False,False,False,False,False,False,False,False,False,False,False,False,False,False,False,False,False,False,False,False
StoreLogoOverride150x150,604,相对路径(或指向合作伙伴中心文件的 URL),,,,,,,,,,,,,,,,,,,,,,,,,,,,,,,,,,,,,,,,,,,,,,,,,,,,,,,,,,,,,,,,,,,,,,,,,,,,,,,,,
StoreLogoOverride71x71,605,相对路径(或指向合作伙伴中心文件的 URL),,,,,,,,,,,,,,,,,,,,,,,,,,,,,,,,,,,,,,,,,,,,,,,,,,,,,,,,,,,,,,,,,,,,,,,,,,,,,,,,,
PromoImage1920x1080,606,相对路径(或指向合作伙伴中心文件的 URL),,,,,,,,,,,,,,,,,,,,,,,,,,,,,,,,,,,,,,,,,,,,,,,,,,,,,,,,,,,,,,,,,,,,,,,,,,,,,,,,,
PromoImage2400x1200,607,相对路径(或指向合作伙伴中心文件的 URL),,,,,,,,,,,,,,,,,,,,,,,,,,,,,,,,,,,,,,,,,,,,,,,,,,,,,,,,,,,,,,,,,,,,,,,,,,,,,,,,,
XboxBrandedKeyArt584x800,608,相对路径(或指向合作伙伴中心文件的 URL),,,,,,,,,,,,,,,,,,,,,,,,,,,,,,,,,,,,,,,,,,,,,,,,,,,,,,,,,,,,,,,,,,,,,,,,,,,,,,,,,
XboxTitledHero1920x1080,609,相对路径(或指向合作伙伴中心文件的 URL),,,,,,,,,,,,,,,,,,,,,,,,,,,,,,,,,,,,,,,,,,,,,,,,,,,,,,,,,,,,,,,,,,,,,,,,,,,,,,,,,
XboxFeaturedPromo1080x1080,610,相对路径(或指向合作伙伴中心文件的 URL),,,,,,,,,,,,,,,,,,,,,,,,,,,,,,,,,,,,,,,,,,,,,,,,,,,,,,,,,,,,,,,,,,,,,,,,,,,,,,,,,
OptionalPromo358x358,611,相对路径(或指向合作伙伴中心文件的 URL),,,,,,,,,,,,,,,,,,,,,,,,,,,,,,,,,,,,,,,,,,,,,,,,,,,,,,,,,,,,,,,,,,,,,,,,,,,,,,,,,
OptionalPromo1000x800,612,相对路径(或指向合作伙伴中心文件的 URL),,,,,,,,,,,,,,,,,,,,,,,,,,,,,,,,,,,,,,,,,,,,,,,,,,,,,,,,,,,,,,,,,,,,,,,,,,,,,,,,,
OptionalPromo414x180,613,相对路径(或指向合作伙伴中心文件的 URL),,,,,,,,,,,,,,,,,,,,,,,,,,,,,,,,,,,,,,,,,,,,,,,,,,,,,,,,,,,,,,,,,,,,,,,,,,,,,,,,,
Feature1,700,文本,,SSH host-key review and trusted-host management,SSH 主机密钥核验与可信主机管理,Kontroll i çelësit të hostit SSH,مراجعة مفتاح مضيف SSH,የSSH አስተናጋጅ ቁልፍ ማረጋገጫ,SSH হ’ষ্ট কী পৰীক্ষা,SSH host açarının yoxlanması,SSH ಹೋಸ್ಟ್ ಕೀ ಪರಿಶೀಲನೆ,Athbhreithniú eochair óstaigh SSH,SSH hostivõtme ülevaatus,SSH ହୋଷ୍ଟ କୀ ସମୀକ୍ଷା,Revisió de la clau de l'amfitrió SSH,SSH ostalari-gakoaren berrikuspena,Преглед на SSH хост ключове,Yfirferð SSH-hýsillykils,Weryfikacja klucza hosta SSH,SSH 호스트 키 검토,SSH хост ачкычын тикшерү,Gennemgang af SSH-værtsnøgle,SSH-Hostschlüssel prüfen,Проверка ключа узла SSH,Vérification de la clé d'hôte SSH,Vérification de la clé d’hôte SSH,Pagsusuri ng SSH host key,SSH-isäntäavaimen tarkistus,ពិនិត្យសោម៉ាស៊ីន SSH,SSH ჰოსტის გასაღების შემოწმება,SSH હોસ્ટ કી તપાસ,SSH хост кілтін тексеру,SSH-hostsleutel controleren,Revisión da clave do host SSH,Revisió de la clau de l'amfitrió SSH,Kontrola klíče hostitele SSH,Pregled SSH ključa glavnog računala,SSH hostpa llavenkunata qhawariy,SSH होस्ट की तपासणी,SSH resursdatora atslēgas pārbaude,ກວດກຸນແຈໂຮສຕ໌ SSH,SSH pagrindinio kompiuterio rakto peržiūra,SSH-Hostschlëssel iwwerpréiwen,Verificarea cheii gazdei SSH,Reviżjoni taċ-ċavetta tal-host SSH,SSH होस्ट की तपासणी,SSH ഹോസ്റ്റ് കീ പരിശോധന,Semakan kunci hos SSH,Преглед на SSH клучот на домаќинот,Arotake kī kaihautū SSH,SSH হোস্ট কী পর্যালোচনা,Hersiening van SSH-gasheersleutels,SSH होस्ट कुञ्जी समीक्षा,Gjennomgang av SSH-vertsnøkkel,SSH ਹੋਸਟ ਕੁੰਜੀ ਦੀ ਜਾਂਚ,Revisão da chave do host SSH,Revisão da chave do anfitrião SSH,SSH ホストキーの確認,Granskning av SSH-värdnyckel,Pregled SSH ključa hosta,Провера SSH кључа хоста,Kontrola kľúča hostiteľa SSH,Pregled ključa gostitelja SSH,Lèirmheas air iuchair òstair SSH,SSH హోస్ట్ కీ పరిశీలన,SSH ஹோஸ்ட் விசை சரிபார்ப்பு,ตรวจสอบคีย์โฮสต์ SSH,SSH ana bilgisayar anahtarını inceleme,Adolygu allwedd gwesteiwr SSH,SSH host ئاچقۇچىنى تەكشۈرۈش,SSH ہوسٹ کی کا جائزہ,Перевірка ключа вузла SSH,Revisión de la clave del host SSH,Revisión de la clave del host SSH,בדיקת מפתח מארח SSH,Έλεγχος κλειδιού κεντρικού υπολογιστή SSH,SSH-gazdagépkulcs ellenőrzése,Controllo della chiave host SSH,SSH होस्ट-कुंजी समीक्षा,Peninjauan kunci host SSH,SSH host-key review,Xem xét khóa máy chủ SSH,SSH 主機金鑰核對
Feature2,701,文本,,Interactive terminal workspaces,交互式终端工作区,Terminal interaktiv,طرفية تفاعلية,መስተጋብራዊ ተርሚናል,ইণ্টাৰেক্টিভ টাৰ্মিনেল,İnteraktiv terminal,ಸಂವಾದಾತ್ಮಕ ಟರ್ಮಿನಲ್,Teirminéal idirghníomhach,Interaktiivne terminal,ଇଣ୍ଟରାକ୍ଟିଭ୍ ଟର୍ମିନାଲ୍,Terminal interactiu,Terminal interaktiboa,Интерактивен терминал,Gagnvirk flugstöð,Interaktywny terminal,대화형 터미널,Интерактив терминал,Interaktiv terminal,Interaktives Terminal,Интерактивный терминал,Terminal interactif,Terminal interactif,Interactive terminal,Vuorovaikutteinen pääte,ស្ថានីយអន្តរកម្ម,ინტერაქტიული ტერმინალი,ઇન્ટરેક્ટિવ ટર્મિનલ,Интерактивті терминал,Interactieve terminal,Terminal interactivo,Terminal interactiu,Interaktivní terminál,Interaktivni terminal,Rimanakuy qillqana,परस्पर टर्मिनल,Interaktīvs terminālis,ສະຖານີປະຕິສຳພັນ,Interaktyvus terminalas,Interaktiven Terminal,Terminal interactiv,Terminal interattiv,इंटरॅक्टिव्ह टर्मिनल,ഇന്ററാക്ടീവ് ടെർമിനൽ,Terminal interaktif,Интерактивен терминал,Kāpeka pāhekoheko,ইন্টার‌্যাক্টিভ টার্মিনাল,Interaktiewe terminale,अन्तरक्रियात्मक टर्मिनल,Interaktiv terminal,ਇੰਟਰਐਕਟਿਵ ਟਰਮੀਨਲ,Terminal interativo,Terminal interativo,対話型ターミナル,Interaktiv terminal,Interaktivni terminal,Интерактивни терминал,Interaktívny terminál,Interaktivni terminal,Crìoch eadar-ghnìomhach,ఇంటరాక్టివ్ టెర్మినల్,ஊடாடும் முனையம்,เทอร์มินัลแบบโต้ตอบ,Etkileşimli terminal,Terfynell ryngweithiol,ئۆزئارا تېرمىنال,انٹرایکٹو ٹرمینل,Інтерактивний термінал,Terminal interactiva,Terminal interactivo,מסוף אינטראקטיבי,Διαδραστικό τερματικό,Interaktív terminál,Terminale interattivo,इंटरैक्टिव टर्मिनल,Terminal interaktif,Interactive terminal,Thiết bị đầu cuối tương tác,互動式終端機
Feature3,702,文本,,SFTP browsing and transfers up to 25 MiB per operation,单次不超过 25 MiB 的 SFTP 浏览与传输,Transferime SFTP deri në 25 MiB,نقل SFTP حتى 25 MiB,እስከ 25 MiB የSFTP ማስተላለፊያ,২৫ MiB লৈকে SFTP স্থানান্তৰ,25 MiB-ə qədər SFTP köçürmələri,25 MiB ವರೆಗೆ SFTP ವರ್ಗಾವಣೆ,Aistrithe SFTP suas le 25 MiB,SFTP-edastused kuni 25 MiB,25 MiB ପର୍ଯ୍ୟନ୍ତ SFTP ସ୍ଥାନାନ୍ତର,Transferències SFTP de fins a 25 MiB,SFTP transferentziak 25 MiB arte,SFTP прехвърляния до 25 MiB,SFTP-flutningar allt að 25 MiB,Transfery SFTP do 25 MiB,최대 25 MiB SFTP 전송,25 MiB кадәр SFTP күчерүләре,SFTP-overførsler op til 25 MiB,SFTP-Übertragungen bis 25 MiB,Передача по SFTP до 25 МиБ,Transferts SFTP jusqu'à 25 MiB,Transferts SFTP jusqu’à 25 MiB,SFTP transfer hanggang 25 MiB,SFTP-siirrot enintään 25 MiB,ផ្ទេរ SFTP រហូតដល់ 25 MiB,SFTP გადატანები 25 MiB-მდე,25 MiB સુધીના SFTP સ્થાનાંતરણ,25 MiB дейінгі SFTP тасымалдары,SFTP-overdrachten tot 25 MiB,Transferencias SFTP de ata 25 MiB,Transferències SFTP de fins a 25 MiB,Přenosy SFTP do 25 MiB,SFTP prijenosi do 25 MiB,SFTPwan qillqakuna 25 MiB-kama,25 MiB मेरेन SFTP हस्तांतरण,SFTP pārsūtīšana līdz 25 MiB,ການໂອນ SFTP ເຖິງ 25 MiB,SFTP perkėlimai iki 25 MiB,SFTP-Transfere bis 25 MiB,Transferuri SFTP de până la 25 MiB,Trasferimenti SFTP sa 25 MiB,25 MiB पर्यंतचे SFTP हस्तांतरण,25 MiB വരെ SFTP കൈമാറ്റം,Pemindahan SFTP sehingga 25 MiB,SFTP преноси до 25 MiB,Whakawhitinga SFTP ki te 25 MiB,২৫ MiB পর্যন্ত SFTP স্থানান্তর,SFTP-oordragte tot 25 MiB,25 MiB सम्म SFTP स्थानान्तरण,SFTP-overføringer opptil 25 MiB,25 MiB ਤੱਕ SFTP ਟ੍ਰਾਂਸਫ਼ਰ,Transferências SFTP de até 25 MiB,Transferências SFTP até 25 MiB,25 MiB までの SFTP 転送,SFTP-överföringar upp till 25 MiB,SFTP prenosi do 25 MiB,SFTP преноси до 25 MiB,Prenosy SFTP do 25 MiB,Prenosi SFTP do 25 MiB,Gluasadan SFTP suas ri 25 MiB,25 MiB వరకు SFTP బదిలీలు,25 MiB வரை SFTP மாற்றங்கள்,ถ่ายโอน SFTP ได้ถึง 25 MiB,25 MiB'e kadar SFTP aktarımları,Trosglwyddiadau SFTP hyd at 25 MiB,25 MiB غىچە SFTP يۆتكەش,25 MiB تک SFTP منتقلی,Передавання через SFTP до 25 MiB,Transferencias SFTP de hasta 25 MiB,Transferencias SFTP de hasta 25 MiB,העברות SFTP עד 25 MiB,Μεταφορές SFTP έως 25 MiB,Legfeljebb 25 MiB-es SFTP-átvitel,Trasferimenti SFTP fino a 25 MiB,25 MiB तक SFTP स्थानांतरण,Transfer SFTP hingga 25 MiB,SFTP transfers up to 25 MiB,Truyền SFTP tối đa 25 MiB,單次不超過 25 MiB 的 SFTP 傳輸
Feature4,703,文本,,Loopback-only local port-forward lifecycle controls,仅限回环地址的本地端口转发生命周期控制,Përcjellje portash vetëm në loopback,تحويل منافذ محلي عبر loopback فقط,በloopback ብቻ የአካባቢ ፖርት ማስተላለፊያ,কেৱল loopback স্থানীয় প’ৰ্ট ফৰৱাৰ্ডিং,Yalnız loopback yerli port yönləndirməsi,loopback ಮಾತ್ರದ ಸ್ಥಳೀಯ ಪೋರ್ಟ್ ಫಾರ್ವರ್ಡಿಂಗ್,Cur ar aghaidh calafoirt logánta trí loopback amháin,Ainult loopbacki kohalik pordisuunamine,କେବଳ loopback ସ୍ଥାନୀୟ ପୋର୍ଟ ଫରୱାର୍ଡିଂ,Reenviament de ports local només per loopback,Loopback bidezko ataka-birbidalketa lokala soilik,Локално пренасочване само през loopback,Staðbundin gáttafransending aðeins um loopback,Lokalne przekierowanie portów tylko przez loopback,loopback 전용 로컬 포트 전달,Тик loopback аша җирле порт юнәлтү,Lokal portviderestilling kun via loopback,Lokale Portweiterleitung nur über Loopback,Локальное перенаправление портов только через loopback,Redirection de ports locale par loopback uniquement,Redirection de ports locale par loopback uniquement,Loopback-only na lokal na port forwarding,Paikallinen porttien välitys vain loopbackin kautta,បញ្ជូនច្រកក្នុងម៉ាស៊ីនតាម loopback ប៉ុណ្ណោះ,ლოკალური პორტების გადამისამართება მხოლოდ loopback-ით,ફક્ત loopback સ્થાનિક પોર્ટ ફોરવર્ડિંગ,Тек loopback арқылы жергілікті портты қайта бағыттау,Lokale port forwarding via alleen loopback,Reenvío de portos local só por loopback,Reenviament de ports local només per loopback,Místní přesměrování portů pouze přes loopback,Lokalno prosljeđivanje samo putem loopbacka,Loopbacklla puertokunapa ñawpaqman apaynin,फकत loopback स्थानिक पोर्ट फॉरवर्डिंग,Lokāla portu pāradresācija tikai caur loopback,ສົ່ງຕໍ່ພອດທ້ອງຖິ່ນຜ່ານ loopback ເທົ່ານັ້ນ,Vietinis prievadų persiuntimas tik per loopback,Lokalt Port-Forwarding nëmmen iwwer loopback,Redirecționare locală a porturilor doar prin loopback,Forwarding lokali tal-portijiet permezz ta’ loopback biss,फक्त loopback स्थानिक पोर्ट फॉरवर्डिंग,loopback മാത്രം ഉപയോഗിക്കുന്ന പ്രാദേശിക പോർട്ട് ഫോർവേഡിംഗ്,Pemajuan port tempatan melalui loopback sahaja,Локално препраќање порти само преку loopback,Tuku tauranga ā-rohe mā loopback anake,শুধু loopback স্থানীয় পোর্ট ফরওয়ার্ডিং,Plaaslike poortaanstuur slegs via teruglus,loopback मात्र स्थानीय पोर्ट फर्वार्डिङ,Lokal portvideresending bare via loopback,ਕੇਵਲ loopback ਸਥਾਨਕ ਪੋਰਟ ਫਾਰਵਰਡਿੰਗ,Encaminhamento de portas local somente por loopback,Reencaminhamento de portas local apenas por loopback,loopback のみのローカルポート転送,Lokal portvidarebefordran endast via loopback,Lokalno prosleđivanje samo preko loopback-a,Локално прослеђивање само преко loopback-а,Miestne presmerovanie portov iba cez loopback,Lokalno posredovanje vrat samo prek loopback,Cur air adhart phuirt ionadail tro loopback a-mhàin,loopback ద్వారా మాత్రమే స్థానిక పోర్ట్ ఫార్వార్డింగ్,loopback மட்டும் உள்ளக துறைமுக முன்னனுப்பல்,ส่งต่อพอร์ตภายในเครื่องผ่าน loopback เท่านั้น,Yalnızca loopback üzerinden yerel bağlantı noktası yönlendirmesi,Blaenyrru porthladdoedd lleol trwy loopback yn unig,پەقەت loopback ئارقىلىق يەرلىك پورت يۆتكەش,صرف loopback مقامی پورٹ فارورڈنگ,Локальне перенаправлення портів лише через loopback,Reenvío de puertos local solo mediante loopback,Reenvío de puertos local solo mediante loopback,העברת יציאות מקומית דרך loopback בלבד,Τοπική προώθηση θυρών μόνο μέσω loopback,Csak loopbackes helyi porttovábbítás,Inoltro porte locale solo tramite loopback,केवल loopback स्थानीय पोर्ट फ़ॉरवर्डिंग,Penerusan port lokal hanya melalui loopback,Loopback-only local port forwarding,Chuyển tiếp cổng cục bộ chỉ qua loopback,僅限 loopback 的本機連接埠轉送
Feature5,704,文本,,Local-first connection organization,本地优先的连接整理,Profile lidhjesh lokale,ملفات اتصال محلية,የአካባቢ ግንኙነት መገለጫዎች,স্থানীয় সংযোগ প্ৰ’ফাইল,Yerli bağlantı profilləri,ಸ್ಥಳೀಯ ಸಂಪರ್ಕ ಪ್ರೊಫೈಲ್‌ಗಳು,Próifílí ceangail logánta,Kohalikud ühendusprofiilid,ସ୍ଥାନୀୟ ସଂଯୋଗ ପ୍ରୋଫାଇଲ୍,Perfils de connexió locals,Konexio-profil lokalak,Локални профили за връзки,Staðbundin tengisnið,Lokalne profile połączeń,로컬 연결 프로필,Җирле тоташу профильләре,Lokale forbindelsesprofiler,Lokale Verbindungsprofile,Локальные профили подключений,Profils de connexion locaux,Profils de connexion locaux,Mga lokal na connection profile,Paikalliset yhteysprofiilit,ប្រវត្តិរូបការតភ្ជាប់ក្នុងម៉ាស៊ីន,ლოკალური კავშირის პროფილები,સ્થાનિક કનેક્શન પ્રોફાઇલ,Жергілікті қосылым профильдері,Lokale verbindingsprofielen,Perfís de conexión locais,Perfils de connexió locals,Místní profily připojení,Lokalni profili veza,Tinkiy perfilkuna kay dispositivollapi,स्थानिक जोडणी प्रोफायल,Lokālie savienojumu profili,ໂປຣໄຟລ໌ການເຊື່ອມຕໍ່ທ້ອງຖິ່ນ,Vietiniai ryšio profiliai,Lokal Verbindungsprofiller,Profiluri locale de conexiune,Profili ta’ konnessjoni lokali,स्थानिक कनेक्शन प्रोफाइल,പ്രാദേശിക കണക്ഷൻ പ്രൊഫൈലുകൾ,Profil sambungan tempatan,Локални профили за врска,Kōtaha hononga ā-rohe,স্থানীয় সংযোগ প্রোফাইল,Plaaslike verbindingsprofiele,स्थानीय जडान प्रोफाइल,Lokale tilkoblingsprofiler,ਸਥਾਨਕ ਕਨੈਕਸ਼ਨ ਪ੍ਰੋਫ਼ਾਈਲ,Perfis de conexão locais,Perfis de ligação locais,ローカル接続プロファイル,Lokala anslutningsprofiler,Lokalni profili veza,Локални профили веза,Miestne profily pripojenia,Lokalni profili povezav,Pròifilean ceangail ionadail,స్థానిక కనెక్షన్ ప్రొఫైళ్లు,உள்ளக இணைப்பு சுயவிவரங்கள்,โปรไฟล์การเชื่อมต่อภายในเครื่อง,Yerel bağlantı profilleri,Proffiliau cysylltiad lleol,يەرلىك ئۇلىنىش ئارخىپلىرى,مقامی کنکشن پروفائلز,Локальні профілі підключень,Perfiles de conexión locales,Perfiles de conexión locales,פרופילי חיבור מקומיים,Τοπικά προφίλ σύνδεσης,Helyi kapcsolati profilok,Profili di connessione locali,स्थानीय कनेक्शन प्रोफ़ाइल,Profil koneksi lokal,Local connection profiles,Hồ sơ kết nối cục bộ,本機連線設定
Feature6,705,文本,,Light and dark themes,亮色与暗色主题,,,,,,,,,,,,,,,,,,,,,,,,,,,,,,,,,,,,,,,,,,,,,,,,,,,,,,,,,,,,,,,,,,,,,,,,,,,,,,
Feature7,706,文本,,Build-specific open-source license notices,随构建提供的开源许可证声明,,,,,,,,,,,,,,,,,,,,,,,,,,,,,,,,,,,,,,,,,,,,,,,,,,,,,,,,,,,,,,,,,,,,,,,,,,,,,,
Feature8,707,文本,,,,,,,,,,,,,,,,,,,,,,,,,,,,,,,,,,,,,,,,,,,,,,,,,,,,,,,,,,,,,,,,,,,,,,,,,,,,,,,,,
Feature9,708,文本,,,,,,,,,,,,,,,,,,,,,,,,,,,,,,,,,,,,,,,,,,,,,,,,,,,,,,,,,,,,,,,,,,,,,,,,,,,,,,,,,
Feature10,709,文本,,,,,,,,,,,,,,,,,,,,,,,,,,,,,,,,,,,,,,,,,,,,,,,,,,,,,,,,,,,,,,,,,,,,,,,,,,,,,,,,,
Feature11,710,文本,,,,,,,,,,,,,,,,,,,,,,,,,,,,,,,,,,,,,,,,,,,,,,,,,,,,,,,,,,,,,,,,,,,,,,,,,,,,,,,,,
Feature12,711,文本,,,,,,,,,,,,,,,,,,,,,,,,,,,,,,,,,,,,,,,,,,,,,,,,,,,,,,,,,,,,,,,,,,,,,,,,,,,,,,,,,
Feature13,712,文本,,,,,,,,,,,,,,,,,,,,,,,,,,,,,,,,,,,,,,,,,,,,,,,,,,,,,,,,,,,,,,,,,,,,,,,,,,,,,,,,,
Feature14,713,文本,,,,,,,,,,,,,,,,,,,,,,,,,,,,,,,,,,,,,,,,,,,,,,,,,,,,,,,,,,,,,,,,,,,,,,,,,,,,,,,,,
Feature15,714,文本,,,,,,,,,,,,,,,,,,,,,,,,,,,,,,,,,,,,,,,,,,,,,,,,,,,,,,,,,,,,,,,,,,,,,,,,,,,,,,,,,
Feature16,715,文本,,,,,,,,,,,,,,,,,,,,,,,,,,,,,,,,,,,,,,,,,,,,,,,,,,,,,,,,,,,,,,,,,,,,,,,,,,,,,,,,,
Feature17,716,文本,,,,,,,,,,,,,,,,,,,,,,,,,,,,,,,,,,,,,,,,,,,,,,,,,,,,,,,,,,,,,,,,,,,,,,,,,,,,,,,,,
Feature18,717,文本,,,,,,,,,,,,,,,,,,,,,,,,,,,,,,,,,,,,,,,,,,,,,,,,,,,,,,,,,,,,,,,,,,,,,,,,,,,,,,,,,
Feature19,718,文本,,,,,,,,,,,,,,,,,,,,,,,,,,,,,,,,,,,,,,,,,,,,,,,,,,,,,,,,,,,,,,,,,,,,,,,,,,,,,,,,,
Feature20,719,文本,,,,,,,,,,,,,,,,,,,,,,,,,,,,,,,,,,,,,,,,,,,,,,,,,,,,,,,,,,,,,,,,,,,,,,,,,,,,,,,,,
MinimumHardwareReq1,800,文本,,,,,,,,,,,,,,,,,,,,,,,,,,,,,,,,,,,,,,,,,,,,,,,,,,,,,,,,,,,,,,,,,,,,,,,,,,,,,,,,,
MinimumHardwareReq2,801,文本,,,,,,,,,,,,,,,,,,,,,,,,,,,,,,,,,,,,,,,,,,,,,,,,,,,,,,,,,,,,,,,,,,,,,,,,,,,,,,,,,
MinimumHardwareReq3,802,文本,,,,,,,,,,,,,,,,,,,,,,,,,,,,,,,,,,,,,,,,,,,,,,,,,,,,,,,,,,,,,,,,,,,,,,,,,,,,,,,,,
MinimumHardwareReq4,803,文本,,,,,,,,,,,,,,,,,,,,,,,,,,,,,,,,,,,,,,,,,,,,,,,,,,,,,,,,,,,,,,,,,,,,,,,,,,,,,,,,,
MinimumHardwareReq5,804,文本,,,,,,,,,,,,,,,,,,,,,,,,,,,,,,,,,,,,,,,,,,,,,,,,,,,,,,,,,,,,,,,,,,,,,,,,,,,,,,,,,
MinimumHardwareReq6,805,文本,,,,,,,,,,,,,,,,,,,,,,,,,,,,,,,,,,,,,,,,,,,,,,,,,,,,,,,,,,,,,,,,,,,,,,,,,,,,,,,,,
MinimumHardwareReq7,806,文本,,,,,,,,,,,,,,,,,,,,,,,,,,,,,,,,,,,,,,,,,,,,,,,,,,,,,,,,,,,,,,,,,,,,,,,,,,,,,,,,,
MinimumHardwareReq8,807,文本,,,,,,,,,,,,,,,,,,,,,,,,,,,,,,,,,,,,,,,,,,,,,,,,,,,,,,,,,,,,,,,,,,,,,,,,,,,,,,,,,
MinimumHardwareReq9,808,文本,,,,,,,,,,,,,,,,,,,,,,,,,,,,,,,,,,,,,,,,,,,,,,,,,,,,,,,,,,,,,,,,,,,,,,,,,,,,,,,,,
MinimumHardwareReq10,809,文本,,,,,,,,,,,,,,,,,,,,,,,,,,,,,,,,,,,,,,,,,,,,,,,,,,,,,,,,,,,,,,,,,,,,,,,,,,,,,,,,,
MinimumHardwareReq11,810,文本,,,,,,,,,,,,,,,,,,,,,,,,,,,,,,,,,,,,,,,,,,,,,,,,,,,,,,,,,,,,,,,,,,,,,,,,,,,,,,,,,
RecommendedHardwareReq1,850,文本,,,,,,,,,,,,,,,,,,,,,,,,,,,,,,,,,,,,,,,,,,,,,,,,,,,,,,,,,,,,,,,,,,,,,,,,,,,,,,,,,
RecommendedHardwareReq2,851,文本,,,,,,,,,,,,,,,,,,,,,,,,,,,,,,,,,,,,,,,,,,,,,,,,,,,,,,,,,,,,,,,,,,,,,,,,,,,,,,,,,
RecommendedHardwareReq3,852,文本,,,,,,,,,,,,,,,,,,,,,,,,,,,,,,,,,,,,,,,,,,,,,,,,,,,,,,,,,,,,,,,,,,,,,,,,,,,,,,,,,
RecommendedHardwareReq4,853,文本,,,,,,,,,,,,,,,,,,,,,,,,,,,,,,,,,,,,,,,,,,,,,,,,,,,,,,,,,,,,,,,,,,,,,,,,,,,,,,,,,
RecommendedHardwareReq5,854,文本,,,,,,,,,,,,,,,,,,,,,,,,,,,,,,,,,,,,,,,,,,,,,,,,,,,,,,,,,,,,,,,,,,,,,,,,,,,,,,,,,
RecommendedHardwareReq6,855,文本,,,,,,,,,,,,,,,,,,,,,,,,,,,,,,,,,,,,,,,,,,,,,,,,,,,,,,,,,,,,,,,,,,,,,,,,,,,,,,,,,
RecommendedHardwareReq7,856,文本,,,,,,,,,,,,,,,,,,,,,,,,,,,,,,,,,,,,,,,,,,,,,,,,,,,,,,,,,,,,,,,,,,,,,,,,,,,,,,,,,
RecommendedHardwareReq8,857,文本,,,,,,,,,,,,,,,,,,,,,,,,,,,,,,,,,,,,,,,,,,,,,,,,,,,,,,,,,,,,,,,,,,,,,,,,,,,,,,,,,
RecommendedHardwareReq9,858,文本,,,,,,,,,,,,,,,,,,,,,,,,,,,,,,,,,,,,,,,,,,,,,,,,,,,,,,,,,,,,,,,,,,,,,,,,,,,,,,,,,
RecommendedHardwareReq10,859,文本,,,,,,,,,,,,,,,,,,,,,,,,,,,,,,,,,,,,,,,,,,,,,,,,,,,,,,,,,,,,,,,,,,,,,,,,,,,,,,,,,
RecommendedHardwareReq11,860,文本,,,,,,,,,,,,,,,,,,,,,,,,,,,,,,,,,,,,,,,,,,,,,,,,,,,,,,,,,,,,,,,,,,,,,,,,,,,,,,,,,
SearchTerm1,900,文本,,SSH,SSH,SSH,SSH,SSH,SSH,SSH,SSH,SSH,SSH,SSH,SSH,SSH,SSH,SSH,SSH,SSH,SSH,SSH,SSH,SSH,SSH,SSH,SSH,SSH,SSH,SSH,SSH,SSH,SSH,SSH,SSH,SSH,SSH,SSH,SSH,SSH,SSH,SSH,SSH,SSH,SSH,SSH,SSH,SSH,SSH,SSH,SSH,SSH,SSH,SSH,SSH,SSH,SSH,SSH,SSH,SSH,SSH,SSH,SSH,SSH,SSH,SSH,SSH,SSH,SSH,SSH,SSH,SSH,SSH,SSH,SSH,SSH,SSH,SSH,SSH,SSH,SSH,SSH,SSH
SearchTerm2,901,文本,,SFTP,SFTP,SFTP,SFTP,SFTP,SFTP,SFTP,SFTP,SFTP,SFTP,SFTP,SFTP,SFTP,SFTP,SFTP,SFTP,SFTP,SFTP,SFTP,SFTP,SFTP,SFTP,SFTP,SFTP,SFTP,SFTP,SFTP,SFTP,SFTP,SFTP,SFTP,SFTP,SFTP,SFTP,SFTP,SFTP,SFTP,SFTP,SFTP,SFTP,SFTP,SFTP,SFTP,SFTP,SFTP,SFTP,SFTP,SFTP,SFTP,SFTP,SFTP,SFTP,SFTP,SFTP,SFTP,SFTP,SFTP,SFTP,SFTP,SFTP,SFTP,SFTP,SFTP,SFTP,SFTP,SFTP,SFTP,SFTP,SFTP,SFTP,SFTP,SFTP,SFTP,SFTP,SFTP,SFTP,SFTP,SFTP,SFTP,SFTP
SearchTerm3,902,文本,,terminal,终端,Terminal interaktiv,طرفية تفاعلية,መስተጋብራዊ ተርሚናል,ইণ্টাৰেক্টিভ টাৰ্মিনেল,İnteraktiv terminal,ಸಂವಾದಾತ್ಮಕ ಟರ್ಮಿನಲ್,Teirminéal idirghníomhach,Interaktiivne terminal,ଇଣ୍ଟରାକ୍ଟିଭ୍ ଟର୍ମିନାଲ୍,Terminal interactiu,Terminal interaktiboa,Интерактивен терминал,Gagnvirk flugstöð,Interaktywny terminal,대화형 터미널,Интерактив терминал,Interaktiv terminal,Interaktives Terminal,Интерактивный терминал,Terminal interactif,Terminal interactif,Interactive terminal,Vuorovaikutteinen pääte,ស្ថានីយអន្តរកម្ម,ინტერაქტიული ტერმინალი,ઇન્ટરેક્ટિવ ટર્મિનલ,Интерактивті терминал,Interactieve terminal,Terminal interactivo,Terminal interactiu,Interaktivní terminál,Interaktivni terminal,Rimanakuy qillqana,परस्पर टर्मिनल,Interaktīvs terminālis,ສະຖານີປະຕິສຳພັນ,Interaktyvus terminalas,Interaktiven Terminal,Terminal interactiv,Terminal interattiv,इंटरॅक्टिव्ह टर्मिनल,ഇന്ററാക്ടീവ് ടെർമിനൽ,Terminal interaktif,Интерактивен терминал,Kāpeka pāhekoheko,ইন্টার‌্যাক্টিভ টার্মিনাল,Interaktiewe terminale,अन्तरक्रियात्मक टर्मिनल,Interaktiv terminal,ਇੰਟਰਐਕਟਿਵ ਟਰਮੀਨਲ,Terminal interativo,Terminal interativo,対話型ターミナル,Interaktiv terminal,Interaktivni terminal,Интерактивни терминал,Interaktívny terminál,Interaktivni terminal,Crìoch eadar-ghnìomhach,ఇంటరాక్టివ్ టెర్మినల్,ஊடாடும் முனையம்,เทอร์มินัลแบบโต้ตอบ,Etkileşimli terminal,Terfynell ryngweithiol,ئۆزئارا تېرمىنال,انٹرایکٹو ٹرمینل,Інтерактивний термінал,Terminal interactiva,Terminal interactivo,מסוף אינטראקטיבי,Διαδραστικό τερματικό,Interaktív terminál,Terminale interattivo,इंटरैक्टिव टर्मिनल,Terminal interaktif,Interactive terminal,Thiết bị đầu cuối,互動式終端機
SearchTerm4,903,文本,,port forwarding,端口转发,Përcjellje portash,تحويل منافذ,የአካባቢ ፖርት ማስተላለፊያ,স্থানীয় প’ৰ্ট ফৰৱাৰ্ডিং,Yerli port yönləndirməsi,ಸ್ಥಳೀಯ ಪೋರ್ಟ್ ಫಾರ್ವರ್ಡಿಂಗ್,Cur ar aghaidh calafoirt,Kohalik pordisuunamine,ସ୍ଥାନୀୟ ପୋର୍ଟ ଫରୱାର୍ଡିଂ,Reenviament de ports,Ataka-birbidalketa lokala,Локално пренасочване на портове,Staðbundin gáttafransending,Lokalne przekierowanie portów,로컬 포트 전달,Җирле порт юнәлтү,Lokal portviderestilling,Lokale Portweiterleitung,Локальное перенаправление портов,Redirection de ports,Redirection de ports,lokal na port forwarding,Paikallinen porttien välitys,បញ្ជូនច្រកក្នុងម៉ាស៊ីនតាម loopback,ლოკალური პორტების გადამისამართება,સ્થાનિક પોર્ટ ફોરવર્ડિંગ,Жергілікті портты қайта бағыттау,Lokale port forwarding,Reenvío de portos,Reenviament de ports,Místní přesměrování portů,Lokalno prosljeđivanje priključaka,puertokunapa ñawpaqman apaynin,स्थानिक पोर्ट फॉरवर्डिंग,Lokāla portu pāradresācija,ສົ່ງຕໍ່ພອດທ້ອງຖິ່ນຜ່ານ loopback,Vietinis prievadų persiuntimas,Lokalt Port-Forwarding,Redirecționare locală a porturilor,Forwarding lokali tal-portijiet,स्थानिक पोर्ट फॉरवर्डिंग,പ്രാദേശിക പോർട്ട് ഫോർവേഡിംഗ്,Pemajuan port,Локално препраќање порти,Tuku tauranga ā-rohe,স্থানীয় পোর্ট ফরওয়ার্ডিং,Plaaslike poortaanstuur,स्थानीय पोर्ट फर्वार्डिङ,Lokal portvideresending,ਸਥਾਨਕ ਪੋਰਟ ਫਾਰਵਰਡਿੰਗ,Encaminhamento de portas,Reencaminhamento de portas,loopback のみのローカルポート転送,Lokal portvidarebefordran,Lokalno prosleđivanje portova,Локално прослеђивање портова,Miestne presmerovanie portov,Lokalno posredovanje vrat,Cur air adhart phuirt,స్థానిక పోర్ట్ ఫార్వార్డింగ్,உள்ளக துறைமுக முன்னனுப்பல்,ส่งต่อพอร์ตภายในเครื่องผ่าน loopback,yerel bağlantı noktası yönlendirmesi,Blaenyrru porthladdoedd,يەرلىك پورت يۆتكەش,مقامی پورٹ فارورڈنگ,Локальне перенаправлення портів,Reenvío de puertos,Reenvío de puertos,העברת יציאות,Τοπική προώθηση θυρών,Helyi porttovábbítás,Inoltro porte,स्थानीय पोर्ट फ़ॉरवर्डिंग,Penerusan port,Local port forwarding,Chuyển tiếp cổng cục bộ,本機連接埠轉送
SearchTerm5,904,文本,,developer tools,开发者工具,Profile lidhjesh,ملفات اتصال محلية,የአካባቢ ግንኙነት መገለጫዎች,স্থানীয় সংযোগ প্ৰ’ফাইল,Yerli bağlantı profilləri,ಸ್ಥಳೀಯ ಸಂಪರ್ಕ ಪ್ರೊಫೈಲ್‌ಗಳು,Próifílí ceangail,Kohalikud ühendusprofiilid,ସ୍ଥାନୀୟ ସଂଯୋଗ ପ୍ରୋଫାଇଲ୍,Perfils de connexió,Konexio-profil lokalak,Локални профили,Staðbundin tengisnið,Lokalne profile,로컬 연결 프로필,Җирле тоташу профильләре,Lokale forbindelsesprofiler,Lokale Verbindungsprofile,Локальные профили,Profils de connexion,Profils de connexion,Mga lokal na connection profile,Paikalliset yhteysprofiilit,ប្រវត្តិរូបការតភ្ជាប់ក្នុងម៉ាស៊ីន,ლოკალური კავშირის პროფილები,સ્થાનિક કનેક્શન પ્રોફાઇલ,Жергілікті қосылым профильдері,Lokale verbindingsprofielen,Perfís de conexión,Perfils de connexió,Místní profily,Lokalni profili,Tinkiy perfilkuna,स्थानिक जोडणी प्रोफायल,Lokālie savienojumu profili,ໂປຣໄຟລ໌ການເຊື່ອມຕໍ່ທ້ອງຖິ່ນ,Vietiniai ryšio profiliai,Lokal Verbindungsprofiller,Profiluri locale,Profili ta’ konnessjoni,स्थानिक कनेक्शन प्रोफाइल,പ്രാദേശിക കണക്ഷൻ പ്രൊഫൈലുകൾ,Profil sambungan,Локални профили,Kōtaha hononga ā-rohe,স্থানীয় সংযোগ প্রোফাইল,Plaaslike verbindingsprofiele,स्थानीय जडान प्रोफाइल,Lokale tilkoblingsprofiler,ਸਥਾਨਕ ਕਨੈਕਸ਼ਨ ਪ੍ਰੋਫ਼ਾਈਲ,Perfis de conexão,Perfis de ligação,ローカル接続プロファイル,Lokala anslutningsprofiler,Lokalni profili,Локални профили,Miestne profily,Lokalni profili,Pròifilean ceangail,స్థానిక కనెక్షన్ ప్రొఫైళ్లు,உள்ளக இணைப்பு சுயவிவரங்கள்,โปรไฟล์การเชื่อมต่อภายในเครื่อง,Yerel bağlantı profilleri,Proffiliau cysylltiad,يەرلىك ئۇلىنىش ئارخىپلىرى,مقامی کنکشن پروفائلز,Локальні профілі,Perfiles de conexión,Perfiles de conexión,פרופילי חיבור,Τοπικά προφίλ,Helyi kapcsolati profilok,Profili di connessione,स्थानीय कनेक्शन प्रोफ़ाइल,Profil koneksi,Local connection profiles,Hồ sơ kết nối cục bộ,本機連線設定
SearchTerm6,905,文本,,server administration,服务器管理,Windows,Windows,Windows,Windows,Windows,Windows,Windows,Windows,Windows,Windows,Windows,Windows,Windows,Windows,Windows,Windows,Windows,Windows,Windows,Windows,Windows,Windows,Windows,Windows,Windows,Windows,Windows,Windows,Windows,Windows,Windows,Windows,Windows,Windows,Windows,Windows,Windows,Windows,Windows,Windows,Windows,Windows,Windows,Windows,Windows,Windows,Windows,Windows,Windows,Windows,Windows,Windows,Windows,Windows,Windows,Windows,Windows,Windows,Windows,Windows,Windows,Windows,Windows,Windows,Windows,Windows,Windows,Windows,Windows,Windows,Windows,Windows,Windows,Windows,Windows,Windows,Windows,Windows
SearchTerm7,906,文本,,local-first,本地优先,Public Beta,Public Beta,Public Beta,Public Beta,Public Beta,Public Beta,Public Beta,Public Beta,Public Beta,Public Beta,Public Beta,Public Beta,Public Beta,Public Beta,Public Beta,Public Beta,Public Beta,Public Beta,Public Beta,Public Beta,Public Beta,Public Beta,Public Beta,Public Beta,Public Beta,Public Beta,Public Beta,Public Beta,Public Beta,Public Beta,Public Beta,Public Beta,Public Beta,Public Beta,Public Beta,Public Beta,Public Beta,Public Beta,Public Beta,Public Beta,Public Beta,Public Beta,Public Beta,Public Beta,Public Beta,Public Beta,Public Beta,Public Beta,Public Beta,Public Beta,Public Beta,Public Beta,Public Beta,Public Beta,Public Beta,Public Beta,Public Beta,Public Beta,Public Beta,Public Beta,Public Beta,Public Beta,Public Beta,Public Beta,Public Beta,Public Beta,Public Beta,Public Beta,Public Beta,Public Beta,Public Beta,Public Beta,Public Beta,Public Beta,Public Beta,Public Beta,Public Beta,Public Beta
TrailerToPlayAtTopOfListing,999,相对路径(或指向合作伙伴中心文件的 URL),,,,,,,,,,,,,,,,,,,,,,,,,,,,,,,,,,,,,,,,,,,,,,,,,,,,,,,,,,,,,,,,,,,,,,,,,,,,,,,,,
Trailer1,1000,相对路径(或指向合作伙伴中心文件的 URL),,,,,,,,,,,,,,,,,,,,,,,,,,,,,,,,,,,,,,,,,,,,,,,,,,,,,,,,,,,,,,,,,,,,,,,,,,,,,,,,,
Trailer2,1001,相对路径(或指向合作伙伴中心文件的 URL),,,,,,,,,,,,,,,,,,,,,,,,,,,,,,,,,,,,,,,,,,,,,,,,,,,,,,,,,,,,,,,,,,,,,,,,,,,,,,,,,
Trailer3,1002,相对路径(或指向合作伙伴中心文件的 URL),,,,,,,,,,,,,,,,,,,,,,,,,,,,,,,,,,,,,,,,,,,,,,,,,,,,,,,,,,,,,,,,,,,,,,,,,,,,,,,,,
Trailer4,1003,相对路径(或指向合作伙伴中心文件的 URL),,,,,,,,,,,,,,,,,,,,,,,,,,,,,,,,,,,,,,,,,,,,,,,,,,,,,,,,,,,,,,,,,,,,,,,,,,,,,,,,,
Trailer5,1004,相对路径(或指向合作伙伴中心文件的 URL),,,,,,,,,,,,,,,,,,,,,,,,,,,,,,,,,,,,,,,,,,,,,,,,,,,,,,,,,,,,,,,,,,,,,,,,,,,,,,,,,
Trailer6,1005,相对路径(或指向合作伙伴中心文件的 URL),,,,,,,,,,,,,,,,,,,,,,,,,,,,,,,,,,,,,,,,,,,,,,,,,,,,,,,,,,,,,,,,,,,,,,,,,,,,,,,,,
Trailer7,1006,相对路径(或指向合作伙伴中心文件的 URL),,,,,,,,,,,,,,,,,,,,,,,,,,,,,,,,,,,,,,,,,,,,,,,,,,,,,,,,,,,,,,,,,,,,,,,,,,,,,,,,,
Trailer8,1007,相对路径(或指向合作伙伴中心文件的 URL),,,,,,,,,,,,,,,,,,,,,,,,,,,,,,,,,,,,,,,,,,,,,,,,,,,,,,,,,,,,,,,,,,,,,,,,,,,,,,,,,
Trailer9,1008,相对路径(或指向合作伙伴中心文件的 URL),,,,,,,,,,,,,,,,,,,,,,,,,,,,,,,,,,,,,,,,,,,,,,,,,,,,,,,,,,,,,,,,,,,,,,,,,,,,,,,,,
Trailer10,1009,相对路径(或指向合作伙伴中心文件的 URL),,,,,,,,,,,,,,,,,,,,,,,,,,,,,,,,,,,,,,,,,,,,,,,,,,,,,,,,,,,,,,,,,,,,,,,,,,,,,,,,,
Trailer11,1010,相对路径(或指向合作伙伴中心文件的 URL),,,,,,,,,,,,,,,,,,,,,,,,,,,,,,,,,,,,,,,,,,,,,,,,,,,,,,,,,,,,,,,,,,,,,,,,,,,,,,,,,
Trailer12,1011,相对路径(或指向合作伙伴中心文件的 URL),,,,,,,,,,,,,,,,,,,,,,,,,,,,,,,,,,,,,,,,,,,,,,,,,,,,,,,,,,,,,,,,,,,,,,,,,,,,,,,,,
Trailer13,1012,相对路径(或指向合作伙伴中心文件的 URL),,,,,,,,,,,,,,,,,,,,,,,,,,,,,,,,,,,,,,,,,,,,,,,,,,,,,,,,,,,,,,,,,,,,,,,,,,,,,,,,,
Trailer14,1013,相对路径(或指向合作伙伴中心文件的 URL),,,,,,,,,,,,,,,,,,,,,,,,,,,,,,,,,,,,,,,,,,,,,,,,,,,,,,,,,,,,,,,,,,,,,,,,,,,,,,,,,
Trailer15,1014,相对路径(或指向合作伙伴中心文件的 URL),,,,,,,,,,,,,,,,,,,,,,,,,,,,,,,,,,,,,,,,,,,,,,,,,,,,,,,,,,,,,,,,,,,,,,,,,,,,,,,,,
TrailerTitle1,1020,文本,,,,,,,,,,,,,,,,,,,,,,,,,,,,,,,,,,,,,,,,,,,,,,,,,,,,,,,,,,,,,,,,,,,,,,,,,,,,,,,,,
TrailerTitle2,1021,文本,,,,,,,,,,,,,,,,,,,,,,,,,,,,,,,,,,,,,,,,,,,,,,,,,,,,,,,,,,,,,,,,,,,,,,,,,,,,,,,,,
TrailerTitle3,1022,文本,,,,,,,,,,,,,,,,,,,,,,,,,,,,,,,,,,,,,,,,,,,,,,,,,,,,,,,,,,,,,,,,,,,,,,,,,,,,,,,,,
TrailerTitle4,1023,文本,,,,,,,,,,,,,,,,,,,,,,,,,,,,,,,,,,,,,,,,,,,,,,,,,,,,,,,,,,,,,,,,,,,,,,,,,,,,,,,,,
TrailerTitle5,1024,文本,,,,,,,,,,,,,,,,,,,,,,,,,,,,,,,,,,,,,,,,,,,,,,,,,,,,,,,,,,,,,,,,,,,,,,,,,,,,,,,,,
TrailerTitle6,1025,文本,,,,,,,,,,,,,,,,,,,,,,,,,,,,,,,,,,,,,,,,,,,,,,,,,,,,,,,,,,,,,,,,,,,,,,,,,,,,,,,,,
TrailerTitle7,1026,文本,,,,,,,,,,,,,,,,,,,,,,,,,,,,,,,,,,,,,,,,,,,,,,,,,,,,,,,,,,,,,,,,,,,,,,,,,,,,,,,,,
TrailerTitle8,1027,文本,,,,,,,,,,,,,,,,,,,,,,,,,,,,,,,,,,,,,,,,,,,,,,,,,,,,,,,,,,,,,,,,,,,,,,,,,,,,,,,,,
TrailerTitle9,1028,文本,,,,,,,,,,,,,,,,,,,,,,,,,,,,,,,,,,,,,,,,,,,,,,,,,,,,,,,,,,,,,,,,,,,,,,,,,,,,,,,,,
TrailerTitle10,1029,文本,,,,,,,,,,,,,,,,,,,,,,,,,,,,,,,,,,,,,,,,,,,,,,,,,,,,,,,,,,,,,,,,,,,,,,,,,,,,,,,,,
TrailerTitle11,1030,文本,,,,,,,,,,,,,,,,,,,,,,,,,,,,,,,,,,,,,,,,,,,,,,,,,,,,,,,,,,,,,,,,,,,,,,,,,,,,,,,,,
TrailerTitle12,1031,文本,,,,,,,,,,,,,,,,,,,,,,,,,,,,,,,,,,,,,,,,,,,,,,,,,,,,,,,,,,,,,,,,,,,,,,,,,,,,,,,,,
TrailerTitle13,1032,文本,,,,,,,,,,,,,,,,,,,,,,,,,,,,,,,,,,,,,,,,,,,,,,,,,,,,,,,,,,,,,,,,,,,,,,,,,,,,,,,,,
TrailerTitle14,1033,文本,,,,,,,,,,,,,,,,,,,,,,,,,,,,,,,,,,,,,,,,,,,,,,,,,,,,,,,,,,,,,,,,,,,,,,,,,,,,,,,,,
TrailerTitle15,1034,文本,,,,,,,,,,,,,,,,,,,,,,,,,,,,,,,,,,,,,,,,,,,,,,,,,,,,,,,,,,,,,,,,,,,,,,,,,,,,,,,,,
TrailerThumbnail1,1040,相对路径(或指向合作伙伴中心文件的 URL),,,,,,,,,,,,,,,,,,,,,,,,,,,,,,,,,,,,,,,,,,,,,,,,,,,,,,,,,,,,,,,,,,,,,,,,,,,,,,,,,
TrailerThumbnail2,1041,相对路径(或指向合作伙伴中心文件的 URL),,,,,,,,,,,,,,,,,,,,,,,,,,,,,,,,,,,,,,,,,,,,,,,,,,,,,,,,,,,,,,,,,,,,,,,,,,,,,,,,,
TrailerThumbnail3,1042,相对路径(或指向合作伙伴中心文件的 URL),,,,,,,,,,,,,,,,,,,,,,,,,,,,,,,,,,,,,,,,,,,,,,,,,,,,,,,,,,,,,,,,,,,,,,,,,,,,,,,,,
TrailerThumbnail4,1043,相对路径(或指向合作伙伴中心文件的 URL),,,,,,,,,,,,,,,,,,,,,,,,,,,,,,,,,,,,,,,,,,,,,,,,,,,,,,,,,,,,,,,,,,,,,,,,,,,,,,,,,
TrailerThumbnail5,1044,相对路径(或指向合作伙伴中心文件的 URL),,,,,,,,,,,,,,,,,,,,,,,,,,,,,,,,,,,,,,,,,,,,,,,,,,,,,,,,,,,,,,,,,,,,,,,,,,,,,,,,,
TrailerThumbnail6,1045,相对路径(或指向合作伙伴中心文件的 URL),,,,,,,,,,,,,,,,,,,,,,,,,,,,,,,,,,,,,,,,,,,,,,,,,,,,,,,,,,,,,,,,,,,,,,,,,,,,,,,,,
TrailerThumbnail7,1046,相对路径(或指向合作伙伴中心文件的 URL),,,,,,,,,,,,,,,,,,,,,,,,,,,,,,,,,,,,,,,,,,,,,,,,,,,,,,,,,,,,,,,,,,,,,,,,,,,,,,,,,
TrailerThumbnail8,1047,相对路径(或指向合作伙伴中心文件的 URL),,,,,,,,,,,,,,,,,,,,,,,,,,,,,,,,,,,,,,,,,,,,,,,,,,,,,,,,,,,,,,,,,,,,,,,,,,,,,,,,,
TrailerThumbnail9,1048,相对路径(或指向合作伙伴中心文件的 URL),,,,,,,,,,,,,,,,,,,,,,,,,,,,,,,,,,,,,,,,,,,,,,,,,,,,,,,,,,,,,,,,,,,,,,,,,,,,,,,,,
TrailerThumbnail10,1049,相对路径(或指向合作伙伴中心文件的 URL),,,,,,,,,,,,,,,,,,,,,,,,,,,,,,,,,,,,,,,,,,,,,,,,,,,,,,,,,,,,,,,,,,,,,,,,,,,,,,,,,
TrailerThumbnail11,1050,相对路径(或指向合作伙伴中心文件的 URL),,,,,,,,,,,,,,,,,,,,,,,,,,,,,,,,,,,,,,,,,,,,,,,,,,,,,,,,,,,,,,,,,,,,,,,,,,,,,,,,,
TrailerThumbnail12,1051,相对路径(或指向合作伙伴中心文件的 URL),,,,,,,,,,,,,,,,,,,,,,,,,,,,,,,,,,,,,,,,,,,,,,,,,,,,,,,,,,,,,,,,,,,,,,,,,,,,,,,,,
TrailerThumbnail13,1052,相对路径(或指向合作伙伴中心文件的 URL),,,,,,,,,,,,,,,,,,,,,,,,,,,,,,,,,,,,,,,,,,,,,,,,,,,,,,,,,,,,,,,,,,,,,,,,,,,,,,,,,
TrailerThumbnail14,1053,相对路径(或指向合作伙伴中心文件的 URL),,,,,,,,,,,,,,,,,,,,,,,,,,,,,,,,,,,,,,,,,,,,,,,,,,,,,,,,,,,,,,,,,,,,,,,,,,,,,,,,,
TrailerThumbnail15,1054,相对路径(或指向合作伙伴中心文件的 URL),,,,,,,,,,,,,,,,,,,,,,,,,,,,,,,,,,,,,,,,,,,,,,,,,,,,,,,,,,,,,,,,,,,,,,,,,,,,,,,,,
TrailerClosedCaption1,1055,相对路径(或指向合作伙伴中心文件的 URL),,,,,,,,,,,,,,,,,,,,,,,,,,,,,,,,,,,,,,,,,,,,,,,,,,,,,,,,,,,,,,,,,,,,,,,,,,,,,,,,,
TrailerClosedCaption2,1056,相对路径(或指向合作伙伴中心文件的 URL),,,,,,,,,,,,,,,,,,,,,,,,,,,,,,,,,,,,,,,,,,,,,,,,,,,,,,,,,,,,,,,,,,,,,,,,,,,,,,,,,
TrailerClosedCaption3,1057,相对路径(或指向合作伙伴中心文件的 URL),,,,,,,,,,,,,,,,,,,,,,,,,,,,,,,,,,,,,,,,,,,,,,,,,,,,,,,,,,,,,,,,,,,,,,,,,,,,,,,,,
TrailerClosedCaption4,1058,相对路径(或指向合作伙伴中心文件的 URL),,,,,,,,,,,,,,,,,,,,,,,,,,,,,,,,,,,,,,,,,,,,,,,,,,,,,,,,,,,,,,,,,,,,,,,,,,,,,,,,,
TrailerClosedCaption5,1059,相对路径(或指向合作伙伴中心文件的 URL),,,,,,,,,,,,,,,,,,,,,,,,,,,,,,,,,,,,,,,,,,,,,,,,,,,,,,,,,,,,,,,,,,,,,,,,,,,,,,,,,
TrailerClosedCaption6,1060,相对路径(或指向合作伙伴中心文件的 URL),,,,,,,,,,,,,,,,,,,,,,,,,,,,,,,,,,,,,,,,,,,,,,,,,,,,,,,,,,,,,,,,,,,,,,,,,,,,,,,,,
TrailerClosedCaption7,1061,相对路径(或指向合作伙伴中心文件的 URL),,,,,,,,,,,,,,,,,,,,,,,,,,,,,,,,,,,,,,,,,,,,,,,,,,,,,,,,,,,,,,,,,,,,,,,,,,,,,,,,,
TrailerClosedCaption8,1062,相对路径(或指向合作伙伴中心文件的 URL),,,,,,,,,,,,,,,,,,,,,,,,,,,,,,,,,,,,,,,,,,,,,,,,,,,,,,,,,,,,,,,,,,,,,,,,,,,,,,,,,
TrailerClosedCaption9,1063,相对路径(或指向合作伙伴中心文件的 URL),,,,,,,,,,,,,,,,,,,,,,,,,,,,,,,,,,,,,,,,,,,,,,,,,,,,,,,,,,,,,,,,,,,,,,,,,,,,,,,,,
TrailerClosedCaption10,1064,相对路径(或指向合作伙伴中心文件的 URL),,,,,,,,,,,,,,,,,,,,,,,,,,,,,,,,,,,,,,,,,,,,,,,,,,,,,,,,,,,,,,,,,,,,,,,,,,,,,,,,,
TrailerClosedCaption11,1065,相对路径(或指向合作伙伴中心文件的 URL),,,,,,,,,,,,,,,,,,,,,,,,,,,,,,,,,,,,,,,,,,,,,,,,,,,,,,,,,,,,,,,,,,,,,,,,,,,,,,,,,
TrailerClosedCaption12,1066,相对路径(或指向合作伙伴中心文件的 URL),,,,,,,,,,,,,,,,,,,,,,,,,,,,,,,,,,,,,,,,,,,,,,,,,,,,,,,,,,,,,,,,,,,,,,,,,,,,,,,,,
TrailerClosedCaption13,1067,相对路径(或指向合作伙伴中心文件的 URL),,,,,,,,,,,,,,,,,,,,,,,,,,,,,,,,,,,,,,,,,,,,,,,,,,,,,,,,,,,,,,,,,,,,,,,,,,,,,,,,,
TrailerClosedCaption14,1068,相对路径(或指向合作伙伴中心文件的 URL),,,,,,,,,,,,,,,,,,,,,,,,,,,,,,,,,,,,,,,,,,,,,,,,,,,,,,,,,,,,,,,,,,,,,,,,,,,,,,,,,
TrailerClosedCaption15,1069,相对路径(或指向合作伙伴中心文件的 URL),,,,,,,,,,,,,,,,,,,,,,,,,,,,,,,,,,,,,,,,,,,,,,,,,,,,,,,,,,,,,,,,,,,,,,,,,,,,,,,,,
TrailerAudioDescription1,1070,相对路径(或指向合作伙伴中心文件的 URL),,,,,,,,,,,,,,,,,,,,,,,,,,,,,,,,,,,,,,,,,,,,,,,,,,,,,,,,,,,,,,,,,,,,,,,,,,,,,,,,,
TrailerAudioDescription2,1071,相对路径(或指向合作伙伴中心文件的 URL),,,,,,,,,,,,,,,,,,,,,,,,,,,,,,,,,,,,,,,,,,,,,,,,,,,,,,,,,,,,,,,,,,,,,,,,,,,,,,,,,
TrailerAudioDescription3,1072,相对路径(或指向合作伙伴中心文件的 URL),,,,,,,,,,,,,,,,,,,,,,,,,,,,,,,,,,,,,,,,,,,,,,,,,,,,,,,,,,,,,,,,,,,,,,,,,,,,,,,,,
TrailerAudioDescription4,1073,相对路径(或指向合作伙伴中心文件的 URL),,,,,,,,,,,,,,,,,,,,,,,,,,,,,,,,,,,,,,,,,,,,,,,,,,,,,,,,,,,,,,,,,,,,,,,,,,,,,,,,,
TrailerAudioDescription5,1074,相对路径(或指向合作伙伴中心文件的 URL),,,,,,,,,,,,,,,,,,,,,,,,,,,,,,,,,,,,,,,,,,,,,,,,,,,,,,,,,,,,,,,,,,,,,,,,,,,,,,,,,
TrailerAudioDescription6,1075,相对路径(或指向合作伙伴中心文件的 URL),,,,,,,,,,,,,,,,,,,,,,,,,,,,,,,,,,,,,,,,,,,,,,,,,,,,,,,,,,,,,,,,,,,,,,,,,,,,,,,,,
TrailerAudioDescription7,1076,相对路径(或指向合作伙伴中心文件的 URL),,,,,,,,,,,,,,,,,,,,,,,,,,,,,,,,,,,,,,,,,,,,,,,,,,,,,,,,,,,,,,,,,,,,,,,,,,,,,,,,,
TrailerAudioDescription8,1077,相对路径(或指向合作伙伴中心文件的 URL),,,,,,,,,,,,,,,,,,,,,,,,,,,,,,,,,,,,,,,,,,,,,,,,,,,,,,,,,,,,,,,,,,,,,,,,,,,,,,,,,
TrailerAudioDescription9,1078,相对路径(或指向合作伙伴中心文件的 URL),,,,,,,,,,,,,,,,,,,,,,,,,,,,,,,,,,,,,,,,,,,,,,,,,,,,,,,,,,,,,,,,,,,,,,,,,,,,,,,,,
TrailerAudioDescription10,1079,相对路径(或指向合作伙伴中心文件的 URL),,,,,,,,,,,,,,,,,,,,,,,,,,,,,,,,,,,,,,,,,,,,,,,,,,,,,,,,,,,,,,,,,,,,,,,,,,,,,,,,,
TrailerAudioDescription11,1080,相对路径(或指向合作伙伴中心文件的 URL),,,,,,,,,,,,,,,,,,,,,,,,,,,,,,,,,,,,,,,,,,,,,,,,,,,,,,,,,,,,,,,,,,,,,,,,,,,,,,,,,
TrailerAudioDescription12,1081,相对路径(或指向合作伙伴中心文件的 URL),,,,,,,,,,,,,,,,,,,,,,,,,,,,,,,,,,,,,,,,,,,,,,,,,,,,,,,,,,,,,,,,,,,,,,,,,,,,,,,,,
TrailerAudioDescription13,1082,相对路径(或指向合作伙伴中心文件的 URL),,,,,,,,,,,,,,,,,,,,,,,,,,,,,,,,,,,,,,,,,,,,,,,,,,,,,,,,,,,,,,,,,,,,,,,,,,,,,,,,,
TrailerAudioDescription14,1083,相对路径(或指向合作伙伴中心文件的 URL),,,,,,,,,,,,,,,,,,,,,,,,,,,,,,,,,,,,,,,,,,,,,,,,,,,,,,,,,,,,,,,,,,,,,,,,,,,,,,,,,
TrailerAudioDescription15,1084,相对路径(或指向合作伙伴中心文件的 URL),,,,,,,,,,,,,,,,,,,,,,,,,,,,,,,,,,,,,,,,,,,,,,,,,,,,,,,,,,,,,,,,,,,,,,,,,,,,,,,,,
,,,,,,,,,,,,,,,,,,,,,,,,,,,,,,,,,,,,,,,,,,,,,,,,,,,,,,,,,,,,,,,,,,,,,,,,,,,,,,,,,,,
,,,,,,,,,,,,,,,,,,,,,,,,,,,,,,,,,,,,,,,,,,,,,,,,,,,,,,,,,,,,,,,,,,,,,,,,,,,,,,,,,,,
,,,,,,,,,,,,,,,,,,,,,,,,,,,,,,,,,,,,,,,,,,,,,,,,,,,,,,,,,,,,,,,,,,,,,,,,,,,,,,,,,,,
,,,,,,,,,,,,,,,,,,,,,,,,,,,,,,,,,,,,,,,,,,,,,,,,,,,,,,,,,,,,,,,,,,,,,,,,,,,,,,,,,,,
,,,,,,,,,,,,,,,,,,,,,,,,,,,,,,,,,,,,,,,,,,,,,,,,,,,,,,,,,,,,,,,,,,,,,,,,,,,,,,,,,,,
,,,,,,,,,,,,,,,,,,,,,,,,,,,,,,,,,,,,,,,,,,,,,,,,,,,,,,,,,,,,,,,,,,,,,,,,,,,,,,,,,,,
,,,,,,,,,,,,,,,,,,,,,,,,,,,,,,,,,,,,,,,,,,,,,,,,,,,,,,,,,,,,,,,,,,,,,,,,,,,,,,,,,,,
,,,,,,,,,,,,,,,,,,,,,,,,,,,,,,,,,,,,,,,,,,,,,,,,,,,,,,,,,,,,,,,,,,,,,,,,,,,,,,,,,,,
,,,,,,,,,,,,,,,,,,,,,,,,,,,,,,,,,,,,,,,,,,,,,,,,,,,,,,,,,,,,,,,,,,,,,,,,,,,,,,,,,,,
,,,,,,,,,,,,,,,,,,,,,,,,,,,,,,,,,,,,,,,,,,,,,,,,,,,,,,,,,,,,,,,,,,,,,,,,,,,,,,,,,,,
,,,,,,,,,,,,,,,,,,,,,,,,,,,,,,,,,,,,,,,,,,,,,,,,,,,,,,,,,,,,,,,,,,,,,,,,,,,,,,,,,,,
,,,,,,,,,,,,,,,,,,,,,,,,,,,,,,,,,,,,,,,,,,,,,,,,,,,,,,,,,,,,,,,,,,,,,,,,,,,,,,,,,,,
,,,,,,,,,,,,,,,,,,,,,,,,,,,,,,,,,,,,,,,,,,,,,,,,,,,,,,,,,,,,,,,,,,,,,,,,,,,,,,,,,,,
,,,,,,,,,,,,,,,,,,,,,,,,,,,,,,,,,,,,,,,,,,,,,,,,,,,,,,,,,,,,,,,,,,,,,,,,,,,,,,,,,,,
,,,,,,,,,,,,,,,,,,,,,,,,,,,,,,,,,,,,,,,,,,,,,,,,,,,,,,,,,,,,,,,,,,,,,,,,,,,,,,,,,,,
,,,,,,,,,,,,,,,,,,,,,,,,,,,,,,,,,,,,,,,,,,,,,,,,,,,,,,,,,,,,,,,,,,,,,,,,,,,,,,,,,,,
,,,,,,,,,,,,,,,,,,,,,,,,,,,,,,,,,,,,,,,,,,,,,,,,,,,,,,,,,,,,,,,,,,,,,,,,,,,,,,,,,,,
,,,,,,,,,,,,,,,,,,,,,,,,,,,,,,,,,,,,,,,,,,,,,,,,,,,,,,,,,,,,,,,,,,,,,,,,,,,,,,,,,,,
,,,,,,,,,,,,,,,,,,,,,,,,,,,,,,,,,,,,,,,,,,,,,,,,,,,,,,,,,,,,,,,,,,,,,,,,,,,,,,,,,,,
,,,,,,,,,,,,,,,,,,,,,,,,,,,,,,,,,,,,,,,,,,,,,,,,,,,,,,,,,,,,,,,,,,,,,,,,,,,,,,,,,,,
,,,,,,,,,,,,,,,,,,,,,,,,,,,,,,,,,,,,,,,,,,,,,,,,,,,,,,,,,,,,,,,,,,,,,,,,,,,,,,,,,,,
,,,,,,,,,,,,,,,,,,,,,,,,,,,,,,,,,,,,,,,,,,,,,,,,,,,,,,,,,,,,,,,,,,,,,,,,,,,,,,,,,,,
,,,,,,,,,,,,,,,,,,,,,,,,,,,,,,,,,,,,,,,,,,,,,,,,,,,,,,,,,,,,,,,,,,,,,,,,,,,,,,,,,,,
,,,,,,,,,,,,,,,,,,,,,,,,,,,,,,,,,,,,,,,,,,,,,,,,,,,,,,,,,,,,,,,,,,,,,,,,,,,,,,,,,,,